#RUN,run_id,score_type,score_direction,date_time,search_engine_version,parameters
#PROTEIN,score,rank,accession,coverage,sequence
#UNASSIGNEDPEPTIDE,rt,mz,score,rank,sequence,charge,aa_before,aa_after,score_type,search_identifier,accessions
#FEATURE,rt,mz,intensity,charge,width,quality,rt_quality,mz_quality,rt_start,rt_end
#PEPTIDE,rt,mz,score,rank,sequence,charge,aa_before,aa_after,score_type,search_identifier,accessions
FEATURE,3648.31931013431,576.283998583576,26386900992,2,10.4719743728638,0.898217976093292,0,0,3635.5419,3657.60858
FEATURE,3614.5059750862,453.717013601768,20208199680,2,10.1677227020264,0.962300002574921,0,0,3602.41824,3627.15078
FEATURE,3644.35537355459,472.766422967936,14643399680,2,12.9299755096436,0.865364015102386,0,0,3628.2534,3657.60858
FEATURE,3614.33373296644,454.217277633933,8806840320,2,10.2061624526978,0.808409988880157,0,0,3602.41824,3626.04036
FEATURE,3655.601470781,550.291796735955,7565539840,2,9.41599178314209,0.882489025592804,0,0,3644.3562,3657.60858
FEATURE,3652.89360453574,523.77851637735,6909660160,2,11.2123746871948,0.934975028038025,0,0,3639.78366,3657.60858
FEATURE,3622.25504703196,406.735681128416,6615869952,2,9.73349761962891,0.971086978912354,0,0,3610.17552,3633.92832
FEATURE,3649.13783686765,450.264447967472,6251679744,2,11.6778917312622,0.920575022697449,0,0,3634.70094,3657.60858
FEATURE,3646.28222664282,460.212808098669,5314059776,2,12.1805973052979,0.849071025848389,0,0,3631.3446,3657.60858
FEATURE,3653.8046860005,622.366844539559,5281099776,2,10.3486061096191,0.931735992431641,0,0,3641.90568,3657.60858
FEATURE,3611.18226557584,546.7888767708,5054329856,2,10.0803775787354,0.953565001487732,0,0,3602.41824,3623.59818
FEATURE,3617.12242517483,472.743077795792,5029870080,2,12.0450620651245,0.885900020599365,0,0,3602.41824,3632.1768
FEATURE,3654.72088948445,537.287384136851,4633889792,2,9.13068771362305,0.812673985958099,0,0,3643.41498,3657.60858
FEATURE,3607.43004056732,563.613806243384,4569739776,3,9.33457279205322,0.803023993968964,0,0,3602.41824,3618.68622
FEATURE,3610.33175026851,526.290344552557,4462190080,2,13.2763776779175,0.93843400478363,0,0,3602.41824,3626.04036
FEATURE,3613.00534648893,430.248512741077,4072509952,2,9.64168834686279,0.915063977241516,0,0,3602.41824,3624.20508
FEATURE,3614.16488105969,455.248183753461,3773159936,4,30.279224395752,0.83949601650238,0,0,3602.41824,3651.75222
FEATURE,3621.21670311958,489.253018479061,3752549888,2,9.19922161102295,0.963923990726471,0,0,3610.17552,3632.1768
FEATURE,3634.68661706379,488.267949720281,3655770112,2,13.8598766326904,0.922024011611938,0,0,3617.71872,3651.75222
FEATURE,3642.39627225155,531.971290784627,3613390080,3,27.3615951538086,0.902392983436584,0,0,3608.8173,3657.60858
FEATURE,3608.30036700238,643.342020710318,3587940096,2,12.9510202407837,0.932802975177765,0,0,3602.41824,3624.20508
FEATURE,3632.69839571224,664.826951040598,3475940096,2,10.3365545272827,0.92646199464798,0,0,3620.5335,3645.34164
FEATURE,3604.90270309414,469.751739796999,3335310080,2,10.5516738891602,0.879805028438568,0,0,3602.41824,3618.08484
FEATURE,3643.39276043716,797.452757015368,3048320000,2,31.3426933288574,0.900572001934052,0,0,3619.7469,3657.60858
FEATURE,3650.44995964508,536.294747465751,2888649984,2,14.3546781539917,0.730297982692719,0,0,3633.08934,3657.60858
FEATURE,3630.4381082263,419.716358643508,2834309888,2,9.85594940185547,0.833817005157471,0,0,3618.68622,3642.43614
FEATURE,3622.2255460674,407.237003550021,2669199872,2,9.54567337036133,0.808432996273041,0,0,3611.23332,3633.92832
FEATURE,3607.37210302775,844.916713523102,2608440064,2,9.25967121124268,0.952437996864319,0,0,3602.41824,3618.68622
FEATURE,3607.47771235103,504.737981466091,2539670016,2,9.65892314910889,0.92143702507019,0,0,3602.41824,3619.1412
FEATURE,3607.54592702405,429.259188071847,2223510016,2,8.78037643432617,0.637706995010376,0,0,3602.41824,3618.08484
FEATURE,3619.05180373215,565.780519471194,2134189952,2,11.6050710678101,0.929993987083435,0,0,3604.8654,3633.08934
FEATURE,3614.6064090111,538.281363663535,2107570048,2,10.385684967041,0.888015985488892,0,0,3602.41824,3627.15078
FEATURE,3642.66307755983,511.957128154788,2058579968,3,23.5313854217529,0.939445972442627,0,0,3614.24628,3657.60858
FEATURE,3608.23420977212,429.758253060822,1903869952,2,8.80503940582275,0.884041011333466,0,0,3602.41824,3619.1412
FEATURE,3605.96000629115,515.793601786592,1854230016,2,14.4478693008423,0.866014003753662,0,0,3602.41824,3623.59818
FEATURE,3612.46426519003,430.749786705086,1813910016,2,10.0125665664673,0.74397200345993,0,0,3602.41824,3624.20508
FEATURE,3616.74816845411,599.364709037855,1725369984,2,9.02578353881836,0.956175982952118,0,0,3606.05844,3627.15078
FEATURE,3609.30130984637,601.81817871546,1719280000,2,8.37643527984619,0.90702497959137,0,0,3602.41824,3619.7469
FEATURE,3641.70700764296,437.727077469645,1676339968,2,11.4984006881714,0.760374009609222,0,0,3628.2534,3655.19844
FEATURE,3629.06413457132,414.751385631313,1606940032,2,10.0925283432007,0.894725024700165,0,0,3616.94376,3640.63176
FEATURE,3625.2334601201,588.791751499825,1606899968,2,9.07022094726562,0.908679008483887,0,0,3615.303,3636.35622
FEATURE,3643.26162751514,534.280138783519,1598669952,3,7.8492603302002,0.905505001544952,0,0,3633.92832,3653.01066
FEATURE,3640.26396272181,481.243012859382,1574720000,2,10.321460723877,0.801505982875824,0,0,3628.2534,3653.01066
FEATURE,3643.02281726782,487.715343105997,1571209984,2,11.3180828094482,0.890495002269745,0,0,3629.54094,3657.0213
FEATURE,3622.75417545337,623.281156107531,1564450048,2,30.3933372497559,0.8143630027771,0,0,3602.41824,3641.90568
FEATURE,3612.38134412416,606.662630802465,1508800000,3,31.5682373046875,0.863934993743896,0,0,3602.41824,3648.21162
FEATURE,3638.33252417701,432.236023214277,1479949952,2,11.5245695114136,0.863879024982452,0,0,3624.20508,3652.55568
FEATURE,3645.20739990056,531.775513429916,1477049984,2,9.90547657012939,0.897615015506744,0,0,3633.08934,3657.0213
FEATURE,3624.33838504281,524.288761470191,1450880000,2,9.6207275390625,0.925466001033783,0,0,3612.50622,3636.35622
FEATURE,3647.17491590115,536.795293400879,1445619968,2,15.0046424865723,0.903376996517181,0,0,3628.7157,3657.60858
FEATURE,3654.59155732521,494.25990372993,1406569984,2,11.5130233764648,0.902257025241852,0,0,3641.90568,3657.60858
FEATURE,3604.53177028219,433.224901207686,1399480064,2,9.82411956787109,0.893160998821259,0,0,3602.41824,3615.7581
FEATURE,3615.82071991961,487.895241743373,1383190016,3,9.62054347991943,0.921564996242523,0,0,3603.95292,3627.15078
FEATURE,3637.04443752547,426.254696645208,1328440064,3,37.8317413330078,0.896869003772736,0,0,3602.41824,3657.60858
FEATURE,3649.79531225424,668.309976732104,1291570048,2,22.3087348937988,0.874849021434784,0,0,3629.54094,3657.60858
FEATURE,3633.88491937129,444.738249966308,1270589952,2,10.3694925308228,0.862064003944397,0,0,3621.35142,3646.84086
FEATURE,3648.62532821252,550.518535410501,1248669952,4,14.9571905136108,0.859668016433716,0,0,3633.92832,3657.60858
FEATURE,3630.06578277976,537.26633941834,1242349952,3,11.8569650650024,0.861047983169556,0,0,3615.303,3644.81118
FEATURE,3617.74096518735,421.734872838503,1241309952,2,9.66072463989258,0.885993003845215,0,0,3606.05844,3629.54094
FEATURE,3634.35978525769,492.785676510183,1220169984,2,9.94947528839111,0.933883011341095,0,0,3622.38726,3645.94752
FEATURE,3634.48895435296,466.759139628612,1153880064,2,12.1173582077026,0.830899000167847,0,0,3619.7469,3648.74196
FEATURE,3616.56415358922,400.246243824596,1133280000,3,8.74870014190674,0.862573027610779,0,0,3606.05844,3627.15078
FEATURE,3619.92368680775,489.235359000502,1098429952,2,9.0193510055542,0.908070027828217,0,0,3608.8173,3630.66312
FEATURE,3641.61461545863,769.302558884721,1078439936,2,10.6028079986572,0.891264975070953,0,0,3628.7157,3653.89998
FEATURE,3616.82735138451,599.866123916184,1065710016,2,9.30859756469727,0.782530009746552,0,0,3605.32032,3628.2534
FEATURE,3641.3102736697,599.826072038003,1064579968,2,11.5983638763428,0.86207902431488,0,0,3627.15078,3653.89998
FEATURE,3614.56751533942,467.719451714709,1058769984,2,10.6679677963257,0.84155797958374,0,0,3602.41824,3627.15078
FEATURE,3639.22973737008,437.238530510356,1012830016,2,12.220609664917,0.845490992069244,0,0,3624.20508,3653.89998
FEATURE,3605.99456566889,431.253044110964,1003440000,2,19.3351554870605,0.772719979286194,0,0,3602.41824,3629.54094
FEATURE,3606.25347013255,414.716675201651,989228032,2,9.62423515319824,0.945684015750885,0,0,3602.41824,3618.08484
FEATURE,3647.55944758878,494.930178246135,976721024,3,9.31962108612061,0.86388897895813,0,0,3636.35622,3657.60858
FEATURE,3653.68641296506,415.247143359275,963059008,3,10.6043968200684,0.872699975967407,0,0,3641.90568,3657.60858
FEATURE,3652.5469616449,498.226099760056,888019968,2,14.0209722518921,0.934224009513855,0,0,3635.5419,3657.60858
FEATURE,3641.33647504473,673.97309631447,881739008,6,10.4270839691162,0.86080402135849,0,0,3628.7157,3653.89998
FEATURE,3615.29904672184,565.299608906383,878806016,2,11.0794715881348,0.883760988712311,0,0,3602.41824,3628.7157
FEATURE,3605.47189037889,451.241575713785,871793984,2,7.84557104110718,0.918775975704193,0,0,3602.41824,3614.24628
FEATURE,3652.7244710746,771.849966300148,860881984,2,9.60266780853271,0.888939023017883,0,0,3641.90568,3657.60858
FEATURE,3642.07469440074,420.720858103455,851744000,2,28.5916938781738,0.737621009349823,0,0,3611.23332,3657.60858
FEATURE,3627.72187481197,864.431961362995,840987008,2,8.41363525390625,0.912154972553253,0,0,3617.71872,3633.92832
FEATURE,3654.44846513572,502.756097440908,816428032,2,26.1707859039307,0.832982003688812,0,0,3622.38726,3657.60858
FEATURE,3602.71716227944,420.22550728127,813176000,3,16.9865131378174,0.910084009170532,0,0,3602.41824,3619.1412
FEATURE,3651.63851319899,479.751683956142,811584000,2,10.3848476409912,0.923505008220673,0,0,3639.78366,3657.60858
FEATURE,3607.43138164309,589.618696775396,797763008,3,9.38423919677734,0.911228001117706,0,0,3602.41824,3619.1412
FEATURE,3612.58959312032,425.222017497333,795204992,2,26.4455966949463,0.881832003593445,0,0,3602.41824,3643.41498
FEATURE,3603.9555517886,491.248909960402,783273984,2,11.1038608551025,0.672362983226776,0,0,3602.41824,3617.71872
FEATURE,3615.53479872976,720.876462143938,774617024,2,10.1659955978394,0.920894980430603,0,0,3603.95292,3627.15078
FEATURE,3630.43740584681,409.2106598417,767016000,2,9.64288711547852,0.940468013286591,0,0,3619.7469,3642.43614
FEATURE,3643.34531121979,800.915816967944,765044992,2,7.79989576339722,0.911113977432251,0,0,3633.92832,3653.01066
FEATURE,3629.45527419077,415.6851050331,756033984,2,9.97267818450928,0.887587010860443,0,0,3617.71872,3641.90568
FEATURE,3608.96528272391,570.799892807689,746529984,2,13.0046882629395,0.889366984367371,0,0,3602.41824,3624.20508
FEATURE,3626.66315519848,578.27191977158,732409024,3,27.0539398193359,0.88842499256134,0,0,3602.41824,3643.41498
FEATURE,3626.69389232341,573.294044646733,730656000,2,12.0405740737915,0.825841009616852,0,0,3614.24628,3640.63176
FEATURE,3610.0027303797,517.2759755649,728275008,2,9.15271854400635,0.910377979278564,0,0,3602.41824,3621.35142
FEATURE,3621.12684237002,528.772669867347,719366016,2,9.61834621429443,0.917349994182587,0,0,3612.05112,3633.08934
FEATURE,3621.22102949129,521.925361376689,709310976,3,8.02392101287842,0.90787798166275,0,0,3612.05112,3630.66312
FEATURE,3628.56758990976,487.288492254788,702166016,2,10.1222105026245,0.742353022098541,0,0,3616.94376,3640.63176
FEATURE,3638.95288281755,808.893011149378,691699008,2,11.7942028045654,0.822314023971558,0,0,3625.51326,3653.01066
FEATURE,3634.8306842643,630.951821423605,690483008,3,16.5153656005859,0.503525018692017,0,0,3617.71872,3633.08934
FEATURE,3641.45374839203,674.140133007805,690315008,3,10.6809959411621,0.763704001903534,0,0,3628.2534,3653.89998
FEATURE,3656.9783371362,564.28566385097,689708992,2,13.413519859314,0.888260006904602,0,0,3644.3562,3657.60858
FEATURE,3647.22664071484,441.240128398758,670300032,3,12.6131782531738,0.870280027389526,0,0,3632.1768,3657.0213
FEATURE,3627.89965576216,436.230609300685,670270976,2,35.0418510437012,0.797496020793915,0,0,3602.41824,3638.53986
FEATURE,3621.23691840385,782.383835720176,666556992,2,7.77613830566406,0.908967971801758,0,0,3612.05112,3630.66312
FEATURE,3638.30712831877,539.281062871094,665374016,2,10.1045818328857,0.864102005958557,0,0,3626.04036,3650.6784
FEATURE,3637.13643067955,669.309214575865,657992000,2,19.8516254425049,0.706305980682373,0,0,3622.38726,3657.60858
FEATURE,3631.37886526302,439.232859196566,654268992,2,10.2880229949951,0.861639022827148,0,0,3618.68622,3643.41498
FEATURE,3652.45862332654,474.761356698659,648659008,2,9.17306995391846,0.927215993404388,0,0,3641.90568,3657.60858
FEATURE,3647.18441919387,686.847514380428,643574016,2,8.64178943634033,0.905107975006104,0,0,3638.08488,3657.0213
FEATURE,3638.7038326049,582.290998196253,635918016,2,20.8382053375244,0.730103015899658,0,0,3613.18758,3649.6497
FEATURE,3650.12278801225,501.764833268766,609161984,2,12.8328800201416,0.909416019916534,0,0,3634.70094,3657.60858
FEATURE,3645.97368122932,476.735098031883,608425984,2,11.8016290664673,0.884958982467651,0,0,3631.3446,3657.60858
FEATURE,3629.9482242005,805.395507418247,605142976,2,11.4724264144897,0.891014993190765,0,0,3616.94376,3643.41498
FEATURE,3615.46397907674,612.775802097751,600764992,2,9.21067905426025,0.899030983448029,0,0,3604.8654,3626.04036
FEATURE,3628.14505545655,573.293853058407,576681984,3,13.8328046798706,0.611473023891449,0,0,3620.5335,3644.3562
FEATURE,3617.83629135357,600.370057950562,575512000,2,11.7965250015259,0.694100975990295,0,0,3603.95292,3632.1768
FEATURE,3615.54876476047,400.256685720777,575470976,3,10.5193290710449,0.690276026725769,0,0,3603.95292,3627.15078
FEATURE,3637.10632245839,533.307408810794,565580032,2,10.3047342300415,0.916805028915405,0,0,3625.51326,3641.90568
FEATURE,3641.24641192973,673.974824270308,562980992,2,10.468279838562,0.603092014789581,0,0,3630.30348,3653.01066
FEATURE,3646.76305323542,441.24022736111,554110016,2,12.1200752258301,0.723942995071411,0,0,3633.08934,3657.0213
FEATURE,3633.92927688512,432.726608102229,551732992,2,8.45905208587646,0.873649001121521,0,0,3627.15078,3644.3562
FEATURE,3604.52467168687,659.322900514854,543158976,2,11.7577075958252,0.888139009475708,0,0,3602.41824,3619.1412
FEATURE,3650.33773643866,683.84669235057,542350016,2,8.98025989532471,0.92485898733139,0,0,3639.78366,3657.60858
FEATURE,3601.2958542414,596.287296079055,537267968,3,8.42784404754639,0.877960979938507,0,0,3602.41824,3611.23332
FEATURE,3628.42683081478,662.829501548578,533814016,2,8.82242488861084,0.910417020320892,0,0,3618.68622,3638.53986
FEATURE,3656.56702695653,499.27989606379,529704992,2,10.8387756347656,0.918034017086029,0,0,3643.41498,3657.60858
FEATURE,3635.19088717367,477.725591162282,526382016,2,10.9304437637329,0.862713992595673,0,0,3622.38726,3648.74196
FEATURE,3630.98519297077,517.286330920052,519471008,2,9.11895847320557,0.938076972961426,0,0,3620.5335,3641.90568
FEATURE,3655.48225072533,739.878935347231,517342016,2,10.1908340454102,0.891928970813751,0,0,3643.41498,3657.60858
FEATURE,3614.88764050733,400.256712661224,514656000,2,11.4793939590454,0.779165983200073,0,0,3602.41824,3628.7157
FEATURE,3641.09416752873,808.566113599688,509516000,5,10.664605140686,0.809736013412476,0,0,3629.54094,3652.55568
FEATURE,3627.0410398239,516.235462902809,509030016,2,9.95258140563965,0.820505023002625,0,0,3615.303,3638.53986
FEATURE,3646.3361608168,487.251971387097,505950016,2,16.7279872894287,0.871131002902985,0,0,3628.7157,3657.60858
FEATURE,3645.18162626647,431.229133298049,498227008,2,16.6883583068848,0.689589023590088,0,0,3633.92832,3657.60858
FEATURE,3639.77244584825,457.757026278522,496719008,2,10.2564888000488,0.882519006729126,0,0,3627.15078,3651.75222
FEATURE,3640.68590986533,564.805545537728,496571008,2,10.8144178390503,0.886487007141113,0,0,3628.2534,3653.01066
FEATURE,3608.33116483376,501.73694660559,495737984,2,9.39932632446289,0.895671010017395,0,0,3602.41824,3619.7469
FEATURE,3617.84130566135,647.792898198181,494548000,2,8.75885200500488,0.858177006244659,0,0,3607.30302,3628.7157
FEATURE,3633.20139825424,529.299059769494,492688992,2,9.09403705596924,0.91483199596405,0,0,3622.38726,3644.3562
FEATURE,3602.61612288518,496.908707096355,491280992,3,14.6174030303955,0.847801983356476,0,0,3602.41824,3618.08484
FEATURE,3627.21554461662,487.789257926686,488732992,2,13.554666519165,0.810391008853912,0,0,3611.23332,3643.41498
FEATURE,3640.25861613647,417.729726827347,487132000,2,10.6582288742065,0.922372996807098,0,0,3627.15078,3653.01066
FEATURE,3655.41412002024,681.277415556036,486011008,2,8.88123989105225,0.906778991222382,0,0,3644.3562,3657.60858
FEATURE,3632.02788721226,596.288233749136,480992992,2,10.3042230606079,0.864320993423462,0,0,3621.35142,3644.81118
FEATURE,3617.36269435897,456.784993812454,478332000,2,10.0547580718994,0.891939997673035,0,0,3604.8654,3629.54094
FEATURE,3639.49814428479,432.738444749708,474352992,2,11.2454433441162,0.769969999790192,0,0,3635.5419,3653.01066
FEATURE,3621.58505397026,493.780049260467,471198016,2,11.775562286377,0.811765015125275,0,0,3607.83324,3628.7157
FEATURE,3625.52805746427,505.750142858187,469315008,2,8.49696159362793,0.901346981525421,0,0,3616.94376,3635.5419
FEATURE,3621.97802032916,709.674190764951,466372992,3,8.69983100891113,0.854698002338409,0,0,3616.94376,3632.1768
FEATURE,3618.17546975738,563.299297037655,465308000,2,9.67847156524658,0.897413015365601,0,0,3607.83324,3625.51326
FEATURE,3655.46030196259,445.873487072295,462824000,3,13.4784488677979,0.84987598657608,0,0,3640.63176,3657.60858
FEATURE,3648.1443896848,453.246614315701,462662016,2,9.9009428024292,0.819586992263794,0,0,3636.88692,3657.60858
FEATURE,3633.50392482901,524.725080526583,454924992,2,9.89451599121094,0.89335298538208,0,0,3623.02386,3645.34164
FEATURE,3616.46245831474,450.251158591085,449462016,2,9.76556396484375,0.907491028308868,0,0,3604.8654,3628.2534
FEATURE,3652.74680812844,583.338158613596,448121984,2,8.99440765380859,0.895537972450256,0,0,3642.43614,3657.60858
FEATURE,3615.62384670906,721.377927036311,445479008,2,9.81355953216553,0.755734026432037,0,0,3603.95292,3627.15078
FEATURE,3634.68347762348,415.243021227283,444448000,2,9.27526378631592,0.789848983287811,0,0,3628.2534,3644.81118
FEATURE,3653.14085933771,561.737800848921,442436992,2,11.3787469863892,0.896279990673065,0,0,3640.63176,3657.60858
FEATURE,3626.27065526737,508.780818415235,440785984,2,9.13375377655029,0.874975979328156,0,0,3615.303,3636.88692
FEATURE,3646.37368721241,623.288356400734,438156992,2,13.9524421691895,0.915688991546631,0,0,3641.90568,3657.60858
FEATURE,3618.48960345795,433.713510071894,431420992,2,12.6554718017578,0.837862014770508,0,0,3611.23332,3633.92832
FEATURE,3626.99739934735,513.599630363352,430553984,3,12.6730995178223,0.860988974571228,0,0,3613.18758,3642.43614
FEATURE,3640.70344499228,437.911457890185,429999008,3,22.9988956451416,0.845367014408112,0,0,3616.94376,3657.60858
FEATURE,3613.14846833959,561.282746716534,426795008,3,9.80379581451416,0.906692981719971,0,0,3602.41824,3624.20508
FEATURE,3614.89823538199,609.810323570464,426044992,2,10.6448841094971,0.901345014572144,0,0,3602.41824,3627.15078
FEATURE,3641.15307388445,450.728945863897,423124000,2,12.1370296478271,0.82489401102066,0,0,3626.04036,3656.11002
FEATURE,3648.77953142293,440.616103102815,422004992,5,15.146279335022,0.853380978107452,0,0,3636.35622,3657.60858
FEATURE,3632.96929454689,553.77832771062,410716992,2,10.5906095504761,0.904658019542694,0,0,3620.5335,3643.41498
FEATURE,3656.57296069528,582.28518936356,408737984,2,8.15691947937012,0.885075986385345,0,0,3648.74196,3657.60858
FEATURE,3647.31127212831,741.891282012791,408640992,2,8.19902992248535,0.876021981239319,0,0,3638.08488,3657.0213
FEATURE,3653.79710796111,451.75136752798,398278016,2,10.2899236679077,0.794722974300385,0,0,3641.90568,3657.60858
FEATURE,3650.61091629419,456.234271592978,398164000,3,8.87521934509277,0.85759299993515,0,0,3639.78366,3657.60858
FEATURE,3640.72453107479,403.563966754679,395872000,3,9.14241409301758,0.892714977264404,0,0,3629.54094,3651.75222
FEATURE,3622.69802241896,562.807438466023,394510016,2,12.2326765060425,0.898024022579193,0,0,3611.23332,3634.70094
FEATURE,3605.5221600487,498.253360174708,391071008,2,19.6516304016113,0.755729973316193,0,0,3602.41824,3629.54094
FEATURE,3606.16216554572,555.813366573185,385271008,2,12.6293411254883,0.877938985824585,0,0,3602.41824,3620.5335
FEATURE,3642.64307572148,408.253759077836,384652000,2,10.953558921814,0.850157976150513,0,0,3630.30348,3656.11002
FEATURE,3642.42955622702,620.289721840517,376940992,3,11.2043867111206,0.885562002658844,0,0,3629.54094,3655.19844
FEATURE,3649.02003174998,733.687966308952,376091008,3,14.9016494750977,0.867622971534729,0,0,3635.5419,3657.60858
FEATURE,3634.7767679063,581.292827576186,372014016,2,16.1776542663574,0.773829996585846,0,0,3618.68622,3645.94752
FEATURE,3639.52510318649,482.245164656711,371518016,3,9.45022583007812,0.737007021903992,0,0,3628.2534,3650.6784
FEATURE,3642.85947462498,539.799522723693,368548000,2,10.9683876037598,0.843430995941162,0,0,3631.3446,3656.11002
FEATURE,3648.84707833743,791.862950624006,367675008,2,9.15337657928467,0.900269985198975,0,0,3638.53986,3657.60858
FEATURE,3647.35190752484,458.234186865429,364507008,3,8.79819011688232,0.869113028049469,0,0,3636.35622,3657.60858
FEATURE,3649.87039693993,416.225009526297,354484000,3,8.39433670043945,0.904711008071899,0,0,3639.78366,3657.60858
FEATURE,3642.84233584436,696.346062885586,352756992,2,11.1372156143188,0.888207972049713,0,0,3629.54094,3655.19844
FEATURE,3616.03704879298,731.339211946019,344553984,2,9.49992275238037,0.90947300195694,0,0,3605.32032,3627.15078
FEATURE,3604.29049613418,452.267772605786,343800992,2,10.2642335891724,0.795928001403809,0,0,3602.41824,3616.94376
FEATURE,3621.73748663187,575.281861777575,343443008,2,10.6125707626343,0.785457015037537,0,0,3608.8173,3630.66312
FEATURE,3609.3466046799,441.723220634808,343102016,2,26.8259868621826,0.791423976421356,0,0,3602.41824,3633.08934
FEATURE,3642.95127250627,617.306137593302,340496992,2,13.9960680007935,0.873870015144348,0,0,3626.04036,3657.60858
FEATURE,3623.99507555386,510.278915279815,339632992,2,9.23938846588135,0.884573996067047,0,0,3612.50622,3635.5419
FEATURE,3645.20632234243,460.235693772408,331344000,2,15.8551235198975,0.859341979026794,0,0,3625.51326,3657.60858
FEATURE,3656.75280697937,489.767656781175,329740000,2,9.40211009979248,0.867161989212036,0,0,3645.34164,3657.60858
FEATURE,3643.26793638724,813.166460710452,328660000,5,10.6956357955933,0.839936017990112,0,0,3631.3446,3656.11002
FEATURE,3617.41231579721,497.247777111206,326908000,2,16.7174644470215,0.908648014068604,0,0,3610.17552,3631.3446
FEATURE,3642.39742807514,438.72827732129,325436992,4,22.3546123504639,0.609798014163971,0,0,3624.20508,3657.60858
FEATURE,3623.86091561018,704.329869522852,322120000,2,13.2311735153198,0.718146026134491,0,0,3611.23332,3631.3446
FEATURE,3653.09064291144,478.7622303322,321520000,2,10.185754776001,0.912566006183624,0,0,3640.63176,3657.60858
FEATURE,3627.93097359286,624.282722727908,318774016,3,10.2685632705688,0.721401989459991,0,0,3617.71872,3640.63176
FEATURE,3640.71710908042,438.244634737571,316601984,2,21.4937210083008,0.777598977088928,0,0,3614.24628,3657.60858
FEATURE,3615.50315849097,491.272541413894,310110016,2,9.86629104614258,0.874319970607758,0,0,3603.95292,3627.15078
FEATURE,3624.41165101225,531.289132711676,295999008,2,23.8862686157227,0.834748983383179,0,0,3602.90862,3625.51326
FEATURE,3631.06914176828,517.787904900008,294407008,2,9.57996654510498,0.836243987083435,0,0,3621.35142,3642.43614
FEATURE,3611.90895326567,498.236780956491,289956000,2,8.6898307800293,0.890525996685028,0,0,3602.41824,3622.38726
FEATURE,3634.71348690502,540.261895628047,288391008,2,10.9328737258911,0.845420002937317,0,0,3622.38726,3646.84086
FEATURE,3654.19524901996,411.230480500439,286431008,2,12.0663452148438,0.878075003623962,0,0,3639.78366,3657.60858
FEATURE,3618.7916906839,482.267500082374,285356992,2,8.82772064208984,0.906189024448395,0,0,3607.83324,3629.54094
FEATURE,3646.05241845915,670.35279576313,277488992,2,11.1522245407104,0.891979992389679,0,0,3632.1768,3657.60858
FEATURE,3608.57153609397,628.83598699078,277329984,2,12.5764503479004,0.896242022514343,0,0,3602.41824,3624.20508
FEATURE,3656.19290322898,598.295507866185,275158016,2,15.2448997497559,0.833171010017395,0,0,3642.43614,3657.60858
FEATURE,3619.67101993145,686.342131320466,275025984,2,9.35175228118896,0.871538996696472,0,0,3608.8173,3631.3446
FEATURE,3642.47105031305,634.8163362271,272120992,2,31.1599712371826,0.672502994537354,0,0,3626.04036,3657.60858
FEATURE,3637.57065506613,600.847599308942,271443008,2,10.5338945388794,0.874186992645264,0,0,3625.51326,3647.75676
FEATURE,3639.50916748379,722.863755735924,269007008,2,8.79666042327881,0.887790977954865,0,0,3630.30348,3649.6497
FEATURE,3613.41462871608,543.300891007368,265043008,2,8.27509117126465,0.852735996246338,0,0,3604.8654,3623.59818
FEATURE,3628.85403842191,401.725499433388,264378000,2,9.06590843200684,0.881380021572113,0,0,3617.71872,3639.78366
FEATURE,3643.00746194161,677.638896114374,262366000,6,10.712836265564,0.806291997432709,0,0,3633.08934,3650.6784
FEATURE,3626.70938384604,574.945646754488,261974000,3,16.5469493865967,0.617362022399902,0,0,3622.38726,3646.84086
FEATURE,3619.07002925387,498.933898704958,260456992,3,12.8112726211548,0.860637009143829,0,0,3604.8654,3634.70094
FEATURE,3649.36215262688,554.266185454147,258168000,2,10.4876136779785,0.921505987644196,0,0,3641.90568,3657.60858
FEATURE,3645.66370338319,423.750984183519,258074000,2,10.0311594009399,0.875513970851898,0,0,3634.70094,3657.60858
FEATURE,3627.68195453418,562.273442397243,256470000,2,14.7699680328369,0.648823976516724,0,0,3617.71872,3645.94752
FEATURE,3644.16654229018,428.767127190883,256216000,2,9.59216976165771,0.892458021640778,0,0,3632.1768,3656.11002
FEATURE,3611.21964553788,571.821928226878,254576992,2,8.84349250793457,0.902101993560791,0,0,3602.41824,3621.35142
FEATURE,3613.10516893451,405.242504870134,254284000,2,9.98619365692139,0.865778028964996,0,0,3602.41824,3625.51326
FEATURE,3640.77961282077,604.841751616765,253488992,2,9.6651029586792,0.836570024490356,0,0,3628.7157,3652.55568
FEATURE,3630.7165676216,527.805571788279,253016000,2,10.1461563110352,0.906848013401031,0,0,3622.38726,3641.90568
FEATURE,3641.38330882522,400.219966394459,252668000,3,12.3459482192993,0.798205971717834,0,0,3629.54094,3655.19844
FEATURE,3632.83564319211,589.81848512553,250606000,2,9.47873210906982,0.883255004882812,0,0,3623.02386,3644.3562
FEATURE,3639.12656018058,545.791579588496,247620992,2,14.601619720459,0.871547996997833,0,0,3628.2534,3656.11002
FEATURE,3628.07002198009,509.757439137882,244296000,2,9.30308532714844,0.844780027866364,0,0,3616.94376,3636.35622
FEATURE,3648.71985465172,566.768324560602,243270000,2,10.7008676528931,0.867321014404297,0,0,3638.08488,3657.60858
FEATURE,3655.05367371627,495.932824508457,237858000,3,21.645658493042,0.687893986701965,0,0,3636.88692,3657.60858
FEATURE,3643.53769821958,496.775352819745,237691008,2,10.983434677124,0.864889979362488,0,0,3630.30348,3656.11002
FEATURE,3620.6548826234,545.283107107174,235531008,2,10.1339445114136,0.82873797416687,0,0,3612.05112,3633.08934
FEATURE,3626.44318914154,769.89455552515,235524992,2,12.4098930358887,0.864791989326477,0,0,3614.24628,3638.08488
FEATURE,3648.05249225426,423.54654209492,235064992,3,8.57861995697021,0.870135009288788,0,0,3638.08488,3657.60858
FEATURE,3642.89597661303,767.431105212109,233995008,2,25.4616012573242,0.833598971366882,0,0,3621.35142,3657.60858
FEATURE,3614.88375954569,610.804391246459,233439008,2,8.65699672698975,0.893459975719452,0,0,3605.32032,3625.51326
FEATURE,3640.92809502922,1010.45575675641,232262000,4,9.82671546936035,0.839033007621765,0,0,3634.70094,3649.6497
FEATURE,3649.43003346016,610.795612717547,232083008,2,14.0283260345459,0.878623008728027,0,0,3635.5419,3657.60858
FEATURE,3637.57779200774,500.302392342973,227278000,2,15.9446887969971,0.852634012699127,0,0,3620.5335,3655.19844
FEATURE,3616.1630279242,592.818219798001,225888000,2,8.42276954650879,0.892566978931427,0,0,3606.05844,3625.51326
FEATURE,3603.17424581181,629.835149575371,225750000,2,19.4402313232422,0.844779014587402,0,0,3602.41824,3624.20508
FEATURE,3624.57612353348,432.224417813484,223735008,2,9.62304592132568,0.791880011558533,0,0,3614.24628,3631.3446
FEATURE,3622.50622535763,462.893660380991,222836992,3,12.9486265182495,0.822287976741791,0,0,3607.83324,3636.88692
FEATURE,3646.84982105779,589.773269778848,221684000,2,12.7464637756348,0.913794994354248,0,0,3638.08488,3652.55568
FEATURE,3623.09220522664,693.83739128475,220735008,2,12.8415660858154,0.83306497335434,0,0,3612.05112,3636.88692
FEATURE,3645.96057346758,447.23794398175,220435008,3,11.8699579238892,0.799237012863159,0,0,3631.3446,3657.0213
FEATURE,3604.79057057352,564.74057101826,220118000,4,12.6360025405884,0.843913018703461,0,0,3602.41824,3615.7581
FEATURE,3622.7413235241,544.783245969578,219016000,2,9.3985538482666,0.552102029323578,0,0,3617.71872,3633.92832
FEATURE,3637.61010288803,514.248963273384,217344992,3,11.1949586868286,0.730499029159546,0,0,3625.51326,3650.6784
FEATURE,3645.54056606808,670.853798131725,216488992,2,13.80189037323,0.694685995578766,0,0,3629.54094,3657.0213
FEATURE,3612.27334925696,707.798265705276,213592000,2,8.78314781188965,0.856405019760132,0,0,3602.90862,3623.02386
FEATURE,3626.11315626274,433.95620782797,212615008,4,25.0857219696045,0.715569972991943,0,0,3602.41824,3645.34164
FEATURE,3622.39593121625,534.807364001992,211310000,2,11.7361812591553,0.76606297492981,0,0,3619.1412,3636.88692
FEATURE,3629.35071171271,443.227841806805,211072000,2,9.66252326965332,0.708450973033905,0,0,3617.71872,3639.78366
FEATURE,3641.28270561111,515.292334863553,210499008,3,9.45803260803223,0.851166009902954,0,0,3630.30348,3649.6497
FEATURE,3652.06091030534,436.266811108029,208842000,2,10.0187206268311,0.88305801153183,0,0,3639.78366,3657.60858
FEATURE,3615.23094275294,638.303414969845,206835008,3,25.5294647216797,0.792828023433685,0,0,3602.41824,3644.3562
FEATURE,3630.15564740169,458.913184430096,205974000,3,8.9019250869751,0.862156987190247,0,0,3619.1412,3638.53986
FEATURE,3617.25993044585,567.286546852385,205954000,2,28.973424911499,0.711982011795044,0,0,3602.41824,3629.54094
FEATURE,3640.53034245918,573.287486503879,205542000,4,17.4434757232666,0.64885002374649,0,0,3636.35622,3653.01066
FEATURE,3643.14394103841,540.805737903052,204712992,2,11.5594511032104,0.869516015052795,0,0,3630.66312,3657.0213
FEATURE,3613.49078863463,501.763308863851,203780000,2,8.84999656677246,0.897409021854401,0,0,3607.30302,3622.38726
FEATURE,3607.39067428078,875.448651300156,203499008,2,10.3865375518799,0.875876009464264,0,0,3602.41824,3616.94376
FEATURE,3612.34894052281,484.931019006099,203463008,3,21.1520500183105,0.806590020656586,0,0,3602.41824,3634.70094
FEATURE,3626.42051293998,494.783477339718,203356992,2,9.94409084320068,0.82695597410202,0,0,3614.24628,3638.08488
FEATURE,3621.76052904263,597.852046784131,203159008,2,11.3308506011963,0.875777006149292,0,0,3614.24628,3633.92832
FEATURE,3639.42990421615,402.23616937226,202874000,2,8.90112018585205,0.906179010868073,0,0,3631.3446,3647.75676
FEATURE,3609.3350133492,544.793226224302,201356992,2,9.74891757965088,0.871460974216461,0,0,3602.41824,3616.94376
FEATURE,3645.13241383299,557.953769238396,198812000,3,8.63745307922363,0.838649988174438,0,0,3634.70094,3655.19844
FEATURE,3619.15678542719,464.759142976843,197535008,2,12.327109336853,0.840821027755737,0,0,3604.8654,3633.92832
FEATURE,3643.55363014742,1015.95483879336,197531008,4,10.6483373641968,0.803667008876801,0,0,3632.1768,3655.19844
FEATURE,3631.42315283183,539.604076998919,197012992,3,15.3944406509399,0.687373995780945,0,0,3613.18758,3644.81118
FEATURE,3614.91443142398,651.29865732768,195783008,2,8.90042018890381,0.849057018756866,0,0,3604.8654,3625.51326
FEATURE,3614.30732888791,444.711601056151,194366000,2,10.1772928237915,0.849216997623444,0,0,3602.41824,3625.51326
FEATURE,3623.21583915388,413.547664936185,194214000,3,8.91638469696045,0.800144016742706,0,0,3612.50622,3633.92832
FEATURE,3615.48288128507,475.277531243587,194003008,2,10.0103282928467,0.849555015563965,0,0,3605.32032,3627.15078
FEATURE,3651.05962842491,435.561441451318,192942000,3,10.3456554412842,0.795111000537872,0,0,3639.78366,3657.60858
FEATURE,3633.61149271913,615.779363033931,191220992,2,39.4846992492676,0.729822993278503,0,0,3619.1412,3652.55568
FEATURE,3634.20790958166,497.765804881122,190840992,2,10.0817794799805,0.855162978172302,0,0,3623.02386,3645.94752
FEATURE,3610.55355690678,409.243392641249,190388992,2,9.06387519836426,0.786691009998322,0,0,3602.41824,3621.35142
FEATURE,3638.83978206318,594.819354367024,189324992,2,12.5001754760742,0.841897010803223,0,0,3625.51326,3653.01066
FEATURE,3615.49188853735,533.603399336625,187288992,3,8.26827335357666,0.823428988456726,0,0,3607.83324,3625.51326
FEATURE,3640.22041736145,605.3380802982,186964000,2,13.3407115936279,0.869599997997284,0,0,3628.2534,3640.63176
FEATURE,3603.06650722763,495.265749168253,186332000,2,16.8604125976562,0.691298007965088,0,0,3602.41824,3617.71872
FEATURE,3621.77471760718,536.265344189685,185830000,3,12.1165227890015,0.846827983856201,0,0,3610.17552,3634.70094
FEATURE,3603.00568625749,407.227222194286,185510000,2,8.5554141998291,0.956317007541656,0,0,3602.41824,3610.17552
FEATURE,3609.45545168704,571.783711019481,185368992,2,9.04650974273682,0.854933977127075,0,0,3602.41824,3620.5335
FEATURE,3637.56767978638,438.477174290166,183844992,4,10.9863424301147,0.655336022377014,0,0,3626.04036,3644.3562
FEATURE,3639.95907079904,554.678476867111,183303008,5,16.5018501281738,0.653791010379791,0,0,3619.7469,3650.6784
FEATURE,3619.06286832286,513.74688551819,181224992,2,9.23024463653564,0.792250990867615,0,0,3607.83324,3629.54094
FEATURE,3611.8891385053,778.390336553049,180978000,2,8.62026786804199,0.883490979671478,0,0,3603.95292,3622.38726
FEATURE,3646.77776743146,460.782176112517,180884992,2,13.1623115539551,0.857098996639252,0,0,3630.66312,3657.60858
FEATURE,3619.48679797487,480.245649579995,180862000,2,8.65330791473389,0.864068984985352,0,0,3611.23332,3629.54094
FEATURE,3638.83527070075,594.819354367024,180566000,2,12.2572174072266,0.857614994049072,0,0,3625.51326,3653.01066
FEATURE,3628.1035245036,529.769824340754,179423008,2,21.3673553466797,0.730575978755951,0,0,3615.7581,3642.43614
FEATURE,3635.37979227794,599.805237568497,178902000,2,13.9584665298462,0.867178022861481,0,0,3625.51326,3650.6784
FEATURE,3613.48934919303,550.89874220206,177455008,3,7.44799566268921,0.845089018344879,0,0,3605.32032,3622.38726
FEATURE,3608.98331176077,478.933010822,176996000,3,9.5177640914917,0.711642980575562,0,0,3602.41824,3620.5335
FEATURE,3650.47905329105,745.327256849329,176280000,3,20.9111270904541,0.744521975517273,0,0,3638.08488,3657.60858
FEATURE,3617.88883863083,909.488651960681,175247008,2,26.1720066070557,0.676576972007751,0,0,3602.41824,3636.35622
FEATURE,3655.86393590854,664.846516617042,174986000,2,7.81504011154175,0.909615993499756,0,0,3649.6497,3657.60858
FEATURE,3608.50189620679,804.37920749779,174291008,2,8.07420349121094,0.884618997573853,0,0,3602.41824,3615.303
FEATURE,3646.75115496119,403.703216193879,172455008,2,15.6942386627197,0.69547301530838,0,0,3632.1768,3657.60858
FEATURE,3623.68311489505,401.743547835435,172268000,2,9.48853015899658,0.779030025005341,0,0,3612.05112,3634.70094
FEATURE,3613.86665754228,412.205290110862,171492000,2,10.3892507553101,0.854704022407532,0,0,3602.41824,3625.51326
FEATURE,3608.50289846458,508.758810869532,171150000,2,9.82599925994873,0.863497018814087,0,0,3602.41824,3619.1412
FEATURE,3630.03089176313,602.825945886673,169520000,2,9.44048023223877,0.839716017246246,0,0,3621.35142,3640.63176
FEATURE,3654.59073287561,448.238929288016,169231008,2,37.5750846862793,0.744702994823456,0,0,3623.59818,3657.60858
FEATURE,3631.28290859803,444.25178419641,168700000,2,11.770884513855,0.824247002601624,0,0,3622.38726,3645.94752
FEATURE,3653.67468412521,454.23514898147,168272000,3,8.3745641708374,0.685675024986267,0,0,3644.3562,3657.60858
FEATURE,3629.99562816174,687.866209351567,167972000,2,8.7334508895874,0.889898002147675,0,0,3620.5335,3638.08488
FEATURE,3616.26298868607,500.225603851517,166934000,2,10.3242664337158,0.819801986217499,0,0,3604.8654,3628.2534
FEATURE,3644.31436847895,671.354397176782,166498000,2,18.5560417175293,0.695230007171631,0,0,3622.38726,3656.11002
FEATURE,3636.61295988469,673.019238249345,164011008,3,18.6335067749023,0.757489025592804,0,0,3623.02386,3650.6784
FEATURE,3618.70556190181,527.748495382331,162566000,2,9.65611171722412,0.907546997070312,0,0,3607.30302,3630.66312
FEATURE,3654.93197135594,556.309991178033,162054000,2,15.6284914016724,0.852461993694305,0,0,3644.3562,3657.60858
FEATURE,3619.20292731411,764.332395424703,160300992,2,11.2327251434326,0.828764975070953,0,0,3606.05844,3630.66312
FEATURE,3646.27685584215,654.320956975137,159611008,2,15.1527767181396,0.826677024364471,0,0,3644.81118,3657.60858
FEATURE,3644.57899937859,836.425772435942,159484992,2,8.51477527618408,0.881506025791168,0,0,3634.70094,3653.89998
FEATURE,3611.44271449262,506.273503698187,159248992,2,10.4280672073364,0.843720018863678,0,0,3602.41824,3620.5335
FEATURE,3603.84602492889,439.884608688107,158768992,3,12.561203956604,0.818010985851288,0,0,3602.41824,3613.18758
FEATURE,3643.05645749649,587.299325250211,158712992,2,12.8568449020386,0.824711978435516,0,0,3633.08934,3657.0213
FEATURE,3643.12067258073,677.641010574618,157978000,2,10.0589065551758,0.563726007938385,0,0,3633.08934,3648.21162
FEATURE,3625.10717861834,691.841076317623,157860000,2,8.96816444396973,0.881166994571686,0,0,3617.71872,3633.92832
FEATURE,3648.65398815873,528.244983813399,157180000,3,9.22328662872314,0.869162976741791,0,0,3638.08488,3657.60858
FEATURE,3640.9984259719,538.291011765608,156904992,3,20.4022960662842,0.756021976470947,0,0,3633.08934,3644.3562
FEATURE,3608.61617452395,536.588537005078,156876992,3,7.20940971374512,0.890065014362335,0,0,3602.41824,3614.24628
FEATURE,3654.37022403851,437.256318768031,156270000,2,8.523681640625,0.913789987564087,0,0,3646.84086,3657.60858
FEATURE,3650.40326693784,623.832481250661,156227008,2,8.31411457061768,0.904102981090546,0,0,3642.43614,3656.11002
FEATURE,3618.92280588049,541.297585503618,155468000,2,9.57712078094482,0.834860980510712,0,0,3607.83324,3628.7157
FEATURE,3631.51901331936,497.296198219388,154435008,2,9.58682060241699,0.891216993331909,0,0,3622.38726,3643.41498
FEATURE,3606.3685432264,534.756009954308,154332992,2,10.0340547561646,0.856478989124298,0,0,3602.41824,3618.08484
FEATURE,3608.40093681747,579.798697574686,154328992,2,13.7086181640625,0.802116990089417,0,0,3602.41824,3623.02386
FEATURE,3635.21882907514,583.966161531188,152323008,3,8.0989875793457,0.867291986942291,0,0,3626.04036,3645.34164
FEATURE,3627.08808005473,464.606568930281,152108992,3,18.6822509765625,0.826622009277344,0,0,3615.303,3641.90568
FEATURE,3619.48372568569,433.956134261631,151592992,4,15.1353816986084,0.664906978607178,0,0,3610.17552,3627.15078
FEATURE,3631.04157366299,490.5717694192,150488000,3,9.95302677154541,0.820044994354248,0,0,3621.35142,3643.41498
FEATURE,3636.88871586062,655.334090339828,149872992,3,9.60806274414062,0.856756985187531,0,0,3630.30348,3644.81118
FEATURE,3655.25517148111,520.25232031737,149072000,2,12.1620607376099,0.879799008369446,0,0,3646.84086,3657.60858
FEATURE,3626.33864694426,571.251985966838,148312000,2,9.05194568634033,0.903038024902344,0,0,3618.68622,3634.70094
FEATURE,3625.64540973796,563.274569853889,148262000,3,16.6416130065918,0.637309014797211,0,0,3621.35142,3638.53986
FEATURE,3617.58790709257,624.316284443447,147870000,2,7.82068729400635,0.867519974708557,0,0,3607.83324,3627.15078
FEATURE,3624.98576644338,403.537469152318,147555008,3,8.47871589660645,0.892947971820831,0,0,3616.94376,3635.5419
FEATURE,3618.47187673281,602.302245259509,146742000,2,5.78790807723999,0.865634977817535,0,0,3615.303,3624.20508
FEATURE,3606.89361056085,494.932466047069,145156000,3,9.8712911605835,0.806186020374298,0,0,3602.41824,3618.68622
FEATURE,3612.04986522484,464.303941706844,145120000,2,9.60001754760742,0.795341014862061,0,0,3602.90862,3623.59818
FEATURE,3644.17159171166,677.805704430118,144654000,3,8.04480457305908,0.726238012313843,0,0,3640.63176,3647.75676
FEATURE,3637.56177709879,509.247802363672,144266000,2,10.7425575256348,0.826159000396729,0,0,3626.04036,3648.21162
FEATURE,3629.85517784296,645.337798298783,144254000,2,11.5339183807373,0.801649987697601,0,0,3618.68622,3642.43614
FEATURE,3626.18435831663,501.778158890605,143915008,2,18.2698211669922,0.800463974475861,0,0,3619.7469,3638.53986
FEATURE,3640.56693714882,577.979111279874,143499008,7,9.59968280792236,0.741639018058777,0,0,3630.66312,3648.74196
FEATURE,3608.73696362142,552.777841001761,143208000,2,8.86873817443848,0.864251017570496,0,0,3602.41824,3618.68622
FEATURE,3628.63490127453,585.321904638726,143107008,2,11.7129678726196,0.852348029613495,0,0,3614.24628,3640.63176
FEATURE,3613.09739680617,481.253798835961,142722000,4,25.700159072876,0.638148009777069,0,0,3602.90862,3628.7157
FEATURE,3625.30427717776,505.782588931213,142620000,2,8.384690284729,0.873336017131805,0,0,3615.7581,3633.92832
FEATURE,3633.031486613,560.27106755313,142339008,3,8.34696674346924,0.883799016475677,0,0,3626.04036,3640.63176
FEATURE,3622.28808846295,463.227917069137,142260000,2,12.8879222869873,0.746415972709656,0,0,3612.05112,3633.92832
FEATURE,3640.95577309644,404.205127362688,142044992,2,24.9885520935059,0.746042013168335,0,0,3620.5335,3657.0213
FEATURE,3608.67945845791,457.276412855327,141990000,2,6.97688961029053,0.895594000816345,0,0,3602.41824,3615.7581
FEATURE,3622.87880665174,475.588634454415,141588000,3,8.61238193511963,0.862836003303528,0,0,3612.50622,3633.08934
FEATURE,3631.68004325895,441.235944902013,141214000,2,10.9539937973022,0.833070993423462,0,0,3621.35142,3636.35622
FEATURE,3613.90648985558,520.294471284826,141090000,2,10.5677680969238,0.855502009391785,0,0,3605.32032,3626.04036
FEATURE,3632.74839077195,503.765038333363,140214000,2,38.3112182617188,0.627790987491608,0,0,3607.83324,3642.43614
FEATURE,3628.34446948212,576.62436237631,139980992,3,9.0476598739624,0.820981979370117,0,0,3618.08484,3638.53986
FEATURE,3646.84867323392,504.26427059642,139870000,2,18.1345157623291,0.706336975097656,0,0,3624.20508,3657.60858
FEATURE,3631.61584277724,859.435187235717,139228992,2,8.27728652954102,0.846616983413696,0,0,3626.04036,3640.63176
FEATURE,3641.6981566189,519.265749258146,138066000,3,8.92411518096924,0.813468992710114,0,0,3632.1768,3648.74196
FEATURE,3623.3812750914,409.213962121288,137555008,3,7.72222805023193,0.862025022506714,0,0,3614.24628,3623.02386
FEATURE,3655.29137847892,526.736288084364,137531008,2,10.1342840194702,0.858449995517731,0,0,3645.34164,3657.60858
FEATURE,3600.70265688582,599.635105288225,136966000,3,14.4313611984253,0.835828006267548,0,0,3602.41824,3615.7581
FEATURE,3612.84528739607,702.37313618557,136839008,2,8.22646713256836,0.857317984104156,0,0,3602.90862,3621.35142
FEATURE,3621.86561986583,1064.0072863136,136766000,2,8.01002979278564,0.862550973892212,0,0,3614.24628,3630.30348
FEATURE,3628.0377647309,452.602968609302,133702000,3,33.591869354248,0.599034011363983,0,0,3619.1412,3648.74196
FEATURE,3636.16645300147,771.372753563341,132709000,2,9.68896675109863,0.893989026546478,0,0,3627.15078,3642.43614
FEATURE,3625.10904363933,604.802296410981,132636000,2,8.2310676574707,0.867227971553802,0,0,3615.303,3633.92832
FEATURE,3632.12955724253,467.77359397852,131778000,2,8.82488441467285,0.877996027469635,0,0,3623.02386,3641.90568
FEATURE,3643.09440966229,447.906309813634,130476000,3,17.8290634155273,0.709097027778625,0,0,3624.20508,3656.11002
FEATURE,3646.86832491109,600.796833316205,130361000,2,16.4418621063232,0.806609988212585,0,0,3633.08934,3655.19844
FEATURE,3642.74504808375,435.903349898637,129901000,3,8.54413223266602,0.817855000495911,0,0,3633.08934,3647.75676
FEATURE,3603.94838381846,534.7749103401,129412000,2,9.43931484222412,0.867929995059967,0,0,3602.41824,3614.24628
FEATURE,3641.88470682386,552.797784067373,129151000,2,11.9783926010132,0.771458029747009,0,0,3627.15078,3656.11002
FEATURE,3618.92088559037,475.739049522258,128855000,2,12.1413402557373,0.813741981983185,0,0,3612.05112,3633.92832
FEATURE,3623.21064612969,423.727455542271,128825000,2,9.01039886474609,0.862282991409302,0,0,3612.50622,3633.92832
FEATURE,3604.80057615361,499.913628761789,128274000,3,9.7868185043335,0.842381000518799,0,0,3602.41824,3614.24628
FEATURE,3611.72522567213,407.687601406997,127797000,2,9.09340667724609,0.85147899389267,0,0,3602.41824,3622.38726
FEATURE,3635.5247351762,470.241439059126,127767000,2,9.81492805480957,0.825914025306702,0,0,3628.2534,3647.75676
FEATURE,3613.00094240613,445.232777715844,127243000,2,11.3167877197266,0.866737008094788,0,0,3605.32032,3623.59818
FEATURE,3622.70323138423,872.931933795048,127237000,2,14.1969394683838,0.821353018283844,0,0,3612.05112,3636.88692
FEATURE,3648.65070575103,635.669320243328,127185000,3,15.0437345504761,0.696197986602783,0,0,3641.90568,3657.60858
FEATURE,3635.00609082177,403.891873899605,126832000,3,9.98928833007812,0.861890971660614,0,0,3625.51326,3634.70094
FEATURE,3632.06896895788,513.283181414542,126015000,3,10.8028469085693,0.835521996021271,0,0,3620.5335,3645.34164
FEATURE,3636.36770345317,806.93210364398,125754000,2,11.5214681625366,0.87176102399826,0,0,3624.20508,3645.34164
FEATURE,3633.18648917961,433.261198408179,125625000,2,11.7417917251587,0.857689023017883,0,0,3620.5335,3647.75676
FEATURE,3647.77686299566,416.263913256675,125162000,2,21.8717746734619,0.847787022590637,0,0,3631.3446,3657.60858
FEATURE,3623.22137559675,563.926610906019,123947000,3,10.1552219390869,0.829047977924347,0,0,3615.7581,3635.5419
FEATURE,3628.52215045055,482.285168203641,123837000,2,9.9893684387207,0.836983978748322,0,0,3617.71872,3640.63176
FEATURE,3604.56760518428,555.24446217672,123196000,3,18.7449645996094,0.53907698392868,0,0,3603.95292,3619.7469
FEATURE,3633.15812863002,428.730813939869,123113000,2,13.5992527008057,0.793166995048523,0,0,3619.1412,3648.74196
FEATURE,3651.58101688985,491.236231664681,122974000,4,10.6470670700073,0.784340023994446,0,0,3639.78366,3657.60858
FEATURE,3605.94579640057,410.750550693902,122510000,2,10.4247303009033,0.841605007648468,0,0,3602.41824,3618.68622
FEATURE,3627.91928801271,567.617204667863,122205000,3,10.8500709533691,0.81718897819519,0,0,3617.71872,3639.78366
FEATURE,3625.15445981716,432.734387397685,122200000,2,7.09834814071655,0.883228003978729,0,0,3617.71872,3626.04036
FEATURE,3619.72606183057,540.95900892931,121950000,3,8.80519676208496,0.627408981323242,0,0,3612.50622,3630.30348
FEATURE,3648.53100600986,661.357808835804,121591000,2,10.9070539474487,0.811538994312286,0,0,3639.78366,3657.60858
FEATURE,3614.26031544959,588.299386406081,121524000,2,8.47253608703613,0.875591993331909,0,0,3606.05844,3624.20508
FEATURE,3602.85226493308,546.27463426119,121500000,3,11.872878074646,0.807987987995148,0,0,3602.41824,3612.50622
FEATURE,3608.58577288777,447.229888883628,121144000,2,10.1444234848022,0.863828003406525,0,0,3604.8654,3620.5335
FEATURE,3630.32084887902,570.829057261825,120739000,2,12.7821645736694,0.695598006248474,0,0,3620.5335,3633.92832
FEATURE,3619.23446316118,619.327774725011,119910000,2,11.3022146224976,0.835389018058777,0,0,3608.8173,3632.1768
FEATURE,3647.90875399112,646.828874713833,119142000,2,9.60527229309082,0.85418701171875,0,0,3638.53986,3657.0213
FEATURE,3654.76930907331,454.902658543386,118874000,3,8.96479797363281,0.843582987785339,0,0,3644.3562,3657.60858
FEATURE,3650.65629505163,607.823670236129,118799000,2,9.04234981536865,0.848617017269135,0,0,3639.78366,3657.60858
FEATURE,3608.32681075003,639.808585162601,118130000,2,9.12622547149658,0.846758008003235,0,0,3602.41824,3618.08484
FEATURE,3642.13527494532,656.363112927926,117421000,2,23.5875358581543,0.702353000640869,0,0,3625.51326,3657.60858
FEATURE,3642.87760907182,929.931443480858,117266000,2,11.2376565933228,0.842341005802155,0,0,3631.3446,3653.01066
FEATURE,3633.08638564404,455.776901151205,117136000,2,10.6807918548584,0.906922996044159,0,0,3623.02386,3645.94752
FEATURE,3638.19235383483,721.367778369823,117076000,2,8.56666278839111,0.837714016437531,0,0,3629.54094,3644.81118
FEATURE,3639.78855783651,474.215500130171,116922000,2,9.09369945526123,0.858471989631653,0,0,3628.7157,3648.74196
FEATURE,3649.8622074876,732.339506682848,116600000,2,9.12014198303223,0.846086978912354,0,0,3642.43614,3657.60858
FEATURE,3641.96585502337,462.400057055748,116033000,6,16.7809219360352,0.699586987495422,0,0,3629.54094,3656.11002
FEATURE,3624.55108188567,707.867319747659,115724000,2,9.94518566131592,0.894488990306854,0,0,3615.7581,3633.92832
FEATURE,3643.16873515369,502.249988344101,113937000,3,9.6881046295166,0.734179973602295,0,0,3633.08934,3653.89998
FEATURE,3612.33454775085,722.304054560489,113434000,2,8.654541015625,0.86660498380661,0,0,3605.32032,3619.7469
FEATURE,3656.92940436041,583.764783066648,113353000,2,5.73983335494995,0.87566602230072,0,0,3650.6784,3657.60858
FEATURE,3617.6083695013,466.243155480606,112785000,2,10.2715721130371,0.821151971817017,0,0,3605.32032,3625.51326
FEATURE,3652.30832839062,554.790842982357,111706000,2,10.722056388855,0.812249004840851,0,0,3641.90568,3657.60858
FEATURE,3657.24787600032,485.597293790026,111671000,3,10.0638160705566,0.857855975627899,0,0,3644.81118,3657.60858
FEATURE,3625.5717173227,472.249629077633,111485000,3,9.40006160736084,0.853649020195007,0,0,3617.71872,3636.88692
FEATURE,3620.71109001687,559.73514064542,110688000,2,8.2731876373291,0.857492029666901,0,0,3615.303,3628.2534
FEATURE,3640.57626127408,520.244418298337,108995000,3,8.09268856048584,0.847184002399445,0,0,3630.66312,3645.94752
FEATURE,3617.48652479219,608.302435522176,108008000,2,12.1081085205078,0.620193004608154,0,0,3607.30302,3627.15078
FEATURE,3641.13947030574,427.911364505755,107329000,3,9.46276187896729,0.822977006435394,0,0,3632.1768,3650.6784
FEATURE,3653.37194148303,420.231932221957,107090000,3,9.14557456970215,0.832082986831665,0,0,3645.34164,3657.60858
FEATURE,3654.25704061095,596.805218513127,106849000,2,7.20518350601196,0.831294000148773,0,0,3645.94752,3657.60858
FEATURE,3647.0895602741,488.931792763561,105946000,3,11.1642532348633,0.596553981304169,0,0,3644.3562,3657.60858
FEATURE,3650.52918613064,405.185151609089,105349000,3,8.41246223449707,0.834627985954285,0,0,3643.41498,3657.60858
FEATURE,3651.45300757105,654.64620328045,105119000,3,9.02616500854492,0.837881982326508,0,0,3640.63176,3657.60858
FEATURE,3637.38123186504,491.752097230289,103838000,4,9.24519538879395,0.807762980461121,0,0,3628.2534,3645.94752
FEATURE,3616.62720399259,551.293403781245,103648000,2,16.2052612304688,0.502680003643036,0,0,3602.41824,3623.02386
FEATURE,3654.62777404069,500.236753589004,103285000,3,11.1178770065308,0.720834970474243,0,0,3642.43614,3657.60858
FEATURE,3634.47950451872,540.765941915075,103171000,2,10.4883317947388,0.84027898311615,0,0,3623.02386,3645.34164
FEATURE,3620.04702625505,405.971527619492,103137000,4,8.37977600097656,0.832841992378235,0,0,3610.17552,3630.30348
FEATURE,3647.21732208546,414.261044794293,103113000,2,10.353931427002,0.851103007793427,0,0,3638.08488,3657.60858
FEATURE,3654.24711896217,596.553292868195,103081000,4,7.67460632324219,0.761489987373352,0,0,3645.94752,3657.60858
FEATURE,3651.03155880763,559.246490056498,102837000,4,20.4129962921143,0.528369009494781,0,0,3638.08488,3657.60858
FEATURE,3648.06829393941,408.744354189933,102556000,2,10.924352645874,0.628892004489899,0,0,3634.70094,3657.60858
FEATURE,3620.95830211665,704.836362611503,101776000,2,10.318187713623,0.82830399274826,0,0,3611.23332,3630.66312
FEATURE,3612.22448240468,443.280740525195,101694000,2,8.35117340087891,0.870404005050659,0,0,3602.41824,3621.35142
FEATURE,3641.69581238305,462.567888963229,101508000,2,16.1693515777588,0.69835901260376,0,0,3629.54094,3657.60858
FEATURE,3630.59952090849,597.313069831933,101263000,2,11.4905223846436,0.87245100736618,0,0,3618.08484,3640.63176
FEATURE,3617.99457793038,437.567067819673,99966000,3,11.3135690689087,0.717880010604858,0,0,3603.95292,3631.3446
FEATURE,3637.04829871801,484.289317519523,99140600,3,10.88498878479,0.833425998687744,0,0,3626.04036,3645.94752
FEATURE,3639.94793971489,529.242127647153,98672304,2,15.0434255599976,0.783894002437592,0,0,3625.51326,3653.89998
FEATURE,3628.60327903817,493.198839978384,98328304,2,9.70281219482422,0.858498990535736,0,0,3619.7469,3638.53986
FEATURE,3633.38852767713,467.573424784598,98151000,3,17.4641647338867,0.772028028964996,0,0,3615.303,3647.75676
FEATURE,3614.94624305651,426.684146036886,98054800,2,10.2461280822754,0.782773017883301,0,0,3607.30302,3627.15078
FEATURE,3652.96045814733,720.379958575769,97580096,2,7.816575050354,0.874615013599396,0,0,3648.21162,3657.60858
FEATURE,3643.69703333271,403.232449743087,97193000,2,9.973388671875,0.810023009777069,0,0,3631.3446,3656.11002
FEATURE,3639.95338376998,462.400069024293,96445000,6,10.7050037384033,0.660556018352509,0,0,3629.54094,3645.34164
FEATURE,3606.79904487799,411.212214310523,96318400,2,8.95426368713379,0.849703013896942,0,0,3602.41824,3612.50622
FEATURE,3609.58405028061,667.333205989133,95798896,2,11.8319730758667,0.837513029575348,0,0,3602.41824,3615.303
FEATURE,3607.45351962945,593.27817058152,95688800,2,10.8393306732178,0.878371000289917,0,0,3602.41824,3614.24628
FEATURE,3607.43965153724,741.895134446826,95410496,2,9.15306377410889,0.83535498380661,0,0,3602.41824,3615.7581
FEATURE,3636.77249635326,510.727843542053,95266096,2,11.4509811401367,0.837427020072937,0,0,3626.04036,3646.84086
FEATURE,3636.87628365267,492.751655029635,95194896,2,12.0039873123169,0.811864018440247,0,0,3622.38726,3649.6497
FEATURE,3602.46183551318,403.17819033167,94668704,2,11.9717235565186,0.836292028427124,0,0,3602.41824,3614.24628
FEATURE,3611.82979325885,567.266101433559,93416096,2,9.05574321746826,0.826412975788116,0,0,3602.90862,3621.35142
FEATURE,3652.78674746172,715.830471897738,92974496,2,8.64085674285889,0.819549024105072,0,0,3644.3562,3657.60858
FEATURE,3646.04433996971,411.212176728242,92868896,2,10.194860458374,0.814788997173309,0,0,3633.92832,3657.60858
FEATURE,3647.22517593129,447.704225839213,92713800,2,12.2714338302612,0.815555989742279,0,0,3634.70094,3657.60858
FEATURE,3628.2333309117,568.641425092963,92500896,3,8.33840560913086,0.8403559923172,0,0,3619.7469,3636.35622
FEATURE,3641.3690101949,641.362729392925,92398704,2,8.75296306610107,0.873052000999451,0,0,3635.5419,3648.21162
FEATURE,3625.19160497168,461.563467501061,91391200,3,8.84552001953125,0.825812995433807,0,0,3615.303,3635.5419
FEATURE,3625.078657065,446.259235026924,91257400,2,10.4537935256958,0.827176988124847,0,0,3616.94376,3638.08488
FEATURE,3630.37888830455,646.79878868959,91110304,2,15.9347543716431,0.789691984653473,0,0,3625.51326,3643.41498
FEATURE,3619.42321329671,438.204676147943,91031696,2,10.4487333297729,0.793458998203278,0,0,3607.30302,3629.54094
FEATURE,3636.29864152312,452.902747455856,90925000,3,12.5843143463135,0.777791023254395,0,0,3625.51326,3641.90568
FEATURE,3621.92353645911,866.90452292818,90693696,2,28.9930877685547,0.629335999488831,0,0,3610.17552,3636.88692
FEATURE,3646.43786134462,470.705988585457,90237800,2,9.31094741821289,0.833648025989532,0,0,3635.5419,3657.60858
FEATURE,3627.54589397938,468.464831301839,89198496,4,10.2660236358643,0.753817021846771,0,0,3617.71872,3638.08488
FEATURE,3623.78700183064,480.275633022379,89069800,2,7.25385475158691,0.858039021492004,0,0,3617.71872,3632.1768
FEATURE,3620.45549400035,681.857234624892,88892000,2,7.43502998352051,0.871708989143372,0,0,3614.24628,3628.2534
FEATURE,3630.10845749244,759.347373972726,88241800,2,11.4649353027344,0.814209997653961,0,0,3622.38726,3640.63176
FEATURE,3624.13590026918,497.914652969639,87736600,3,14.1091632843018,0.550800025463104,0,0,3614.24628,3638.53986
FEATURE,3608.38020838999,541.794818397067,87723504,2,11.6680469512939,0.792387008666992,0,0,3602.90862,3615.7581
FEATURE,3648.47316908114,468.916498781299,87616000,3,9.11214065551758,0.714221000671387,0,0,3639.78366,3653.89998
FEATURE,3644.344838525,614.300479483057,87566096,2,11.1679658889771,0.820504009723663,0,0,3636.88692,3650.6784
FEATURE,3637.61837126098,582.313370054755,87561296,2,11.4565029144287,0.843116998672485,0,0,3627.15078,3644.3562
FEATURE,3625.91341346841,470.7557358305,87453296,2,10.6061964035034,0.797291994094849,0,0,3621.35142,3635.5419
FEATURE,3628.29447074499,442.25413236895,86522000,2,8.27399444580078,0.864673018455505,0,0,3620.5335,3638.08488
FEATURE,3630.48590545013,861.913878082325,86491104,2,8.93467140197754,0.855350017547607,0,0,3621.35142,3636.88692
FEATURE,3652.93630295823,647.79563884684,86244800,2,7.14840459823608,0.850614011287689,0,0,3645.94752,3657.60858
FEATURE,3640.71827617267,778.393340020034,86015800,2,9.98307132720947,0.819051027297974,0,0,3631.3446,3648.74196
FEATURE,3604.41704402294,708.861626556114,85922304,2,6.73557138442993,0.876008987426758,0,0,3602.41824,3612.50622
FEATURE,3652.21153709331,519.784811943524,85501800,2,13.9932441711426,0.824086010456085,0,0,3636.35622,3657.60858
FEATURE,3634.66603944514,446.541882844626,85007200,3,10.2678565979004,0.819571971893311,0,0,3625.51326,3642.43614
FEATURE,3648.73694589413,413.692502419457,84805904,2,10.7125844955444,0.787746012210846,0,0,3636.35622,3657.60858
FEATURE,3655.92933362073,483.579154130366,84640200,3,6.88772249221802,0.762676000595093,0,0,3647.75676,3657.60858
FEATURE,3639.88675871825,462.40062047396,84586704,3,10.3690090179443,0.574158012866974,0,0,3629.54094,3645.34164
FEATURE,3623.45466044456,557.296508243209,84364096,2,8.91374683380127,0.88322502374649,0,0,3614.24628,3629.54094
FEATURE,3640.69540552795,485.23059841699,83476200,3,9.09399795532227,0.811438977718353,0,0,3634.70094,3649.6497
FEATURE,3638.21723001995,412.243564170526,83463504,2,10.1478700637817,0.820290982723236,0,0,3626.04036,3650.6784
FEATURE,3631.29367331049,646.834576062657,83391296,2,14.2234239578247,0.815117001533508,0,0,3622.38726,3639.78366
FEATURE,3642.04665655964,772.431599695911,82259296,2,9.77777671813965,0.773091971874237,0,0,3635.5419,3650.6784
FEATURE,3657.41558551953,579.289857628076,81909400,3,12.400107383728,0.717472970485687,0,0,3645.34164,3657.60858
FEATURE,3643.10550290263,468.762352792322,81394600,2,10.9841928482056,0.804078996181488,0,0,3632.1768,3652.55568
FEATURE,3630.97054516016,729.884693735411,81382704,2,9.91098690032959,0.849389970302582,0,0,3623.59818,3639.78366
FEATURE,3614.93751306853,562.589819506215,81099696,3,9.19599151611328,0.835065007209778,0,0,3606.05844,3623.59818
FEATURE,3641.2239187115,462.567934895603,81059504,3,13.2304220199585,0.671002984046936,0,0,3638.53986,3649.6497
FEATURE,3615.44149200664,537.983411855188,80777904,4,6.72089576721191,0.812656998634338,0,0,3611.23332,3622.38726
FEATURE,3623.39493882982,619.818629258924,79929000,2,9.13666343688965,0.796438992023468,0,0,3618.68622,3633.08934
FEATURE,3615.80827717354,716.976298618873,79480496,3,8.03845596313477,0.794490993022919,0,0,3610.17552,3618.08484
FEATURE,3625.3845974366,582.776218060338,79261400,2,9.10701370239258,0.810925006866455,0,0,3619.1412,3633.08934
FEATURE,3613.38621387658,825.843412451032,79178496,2,7.26214742660522,0.809150993824005,0,0,3607.30302,3621.35142
FEATURE,3615.22886483197,423.758382588426,78952800,2,10.3633441925049,0.825999021530151,0,0,3603.95292,3627.15078
FEATURE,3634.96607427233,404.22628115484,78326600,2,10.2249755859375,0.761632025241852,0,0,3623.59818,3638.53986
FEATURE,3634.58418103889,630.293639374484,77857600,3,9.2982702255249,0.796293973922729,0,0,3630.66312,3642.43614
FEATURE,3639.71505391913,485.290881226704,77314496,2,11.0226316452026,0.808811008930206,0,0,3630.30348,3650.6784
FEATURE,3618.89284546523,661.280473183695,76349400,2,17.5751876831055,0.7656170129776,0,0,3618.68622,3636.35622
FEATURE,3624.44502829153,403.742935015298,75759504,2,9.23052310943604,0.836533010005951,0,0,3614.24628,3635.5419
FEATURE,3613.90793179011,553.953755207126,75691696,3,7.86522674560547,0.748979985713959,0,0,3610.17552,3621.35142
FEATURE,3617.37458195689,401.872512853233,75433600,3,7.03567504882812,0.768872022628784,0,0,3608.8173,3626.04036
FEATURE,3614.99392173007,843.381026972538,75321800,2,8.41340160369873,0.800870001316071,0,0,3607.83324,3624.20508
FEATURE,3609.1419409374,615.779181675514,75192400,2,15.3921232223511,0.77700001001358,0,0,3602.41824,3616.94376
FEATURE,3624.82654566416,427.219516912416,75086096,2,10.3345403671265,0.832503020763397,0,0,3612.50622,3636.35622
FEATURE,3620.34710900794,429.702294661374,75006200,2,15.9344282150269,0.837197005748749,0,0,3615.303,3635.5419
FEATURE,3625.38538560646,634.964028444031,74746400,3,8.70370769500732,0.761125981807709,0,0,3617.71872,3633.92832
FEATURE,3627.38347604767,935.919579561931,74605904,2,8.91257953643799,0.839192986488342,0,0,3619.7469,3636.35622
FEATURE,3642.08742463584,417.230298182977,74011904,3,11.480504989624,0.683081984519958,0,0,3629.54094,3649.6497
FEATURE,3640.46875512952,470.783663988871,73572400,2,9.11646747589111,0.851411998271942,0,0,3630.30348,3648.74196
FEATURE,3621.14526234781,476.620996445913,72597400,3,9.10748100280762,0.825070977210999,0,0,3612.50622,3630.30348
FEATURE,3623.96431993469,736.340387448291,72329904,3,6.94268083572388,0.818996012210846,0,0,3619.1412,3628.2534
FEATURE,3642.18518356941,521.891008411039,72149200,3,9.89492321014404,0.797414004802704,0,0,3633.08934,3653.01066
FEATURE,3623.14712961351,768.02380895275,71971400,3,8.92255687713623,0.703783988952637,0,0,3617.71872,3628.7157
FEATURE,3652.28640781305,698.354664062782,71885904,2,8.3643970489502,0.830761015415192,0,0,3641.90568,3657.60858
FEATURE,3615.89410793599,400.744225309796,71700800,2,18.4597454071045,0.541804015636444,0,0,3602.41824,3631.3446
FEATURE,3610.26186613315,554.992609883289,71495600,4,9.700758934021,0.615800976753235,0,0,3603.95292,3611.23332
FEATURE,3615.99223016534,727.359680176019,71473504,2,6.98786735534668,0.823884010314941,0,0,3610.17552,3623.59818
FEATURE,3652.38473873405,525.581873109234,71044400,3,13.0420913696289,0.704759001731873,0,0,3644.3562,3657.60858
FEATURE,3615.47944595415,799.900915580985,70982000,2,7.36794853210449,0.837511003017426,0,0,3610.17552,3623.02386
FEATURE,3648.08182755873,595.258020777531,70272200,2,10.0180807113647,0.778707027435303,0,0,3640.63176,3657.60858
FEATURE,3617.28336011703,430.227577527788,70228600,2,10.6185607910156,0.868031978607178,0,0,3617.71872,3628.7157
FEATURE,3641.39370699148,501.23003665426,69635000,2,9.88649654388428,0.723847985267639,0,0,3630.30348,3649.6497
FEATURE,3634.27948610521,466.273063244787,69567400,2,9.70467090606689,0.884957015514374,0,0,3623.59818,3640.63176
FEATURE,3646.04289987456,528.913570475832,69555104,3,12.5883455276489,0.610004007816315,0,0,3640.63176,3657.60858
FEATURE,3651.76745964945,465.905912847403,69521504,3,8.02649116516113,0.805721998214722,0,0,3643.41498,3657.60858
FEATURE,3652.67776784509,466.787725497667,69395104,2,12.9942455291748,0.818490982055664,0,0,3642.43614,3657.60858
FEATURE,3603.80724005283,744.858493356004,69300200,2,9.85077857971191,0.782523989677429,0,0,3602.41824,3612.05112
FEATURE,3643.78769363889,764.0466139489,69213600,3,11.1100578308105,0.683399975299835,0,0,3636.35622,3649.6497
FEATURE,3647.01923041893,591.806152387098,69157400,2,12.8085203170776,0.813139975070953,0,0,3635.5419,3657.60858
FEATURE,3602.6679435705,468.922821521596,68907296,3,10.2990798950195,0.761182010173798,0,0,3602.41824,3615.303
FEATURE,3638.50232650407,524.750429499196,68721696,4,7.34522294998169,0.798614025115967,0,0,3632.1768,3645.94752
FEATURE,3623.21860372635,615.51549555735,68072000,5,9.24055004119873,0.737384021282196,0,0,3615.7581,3623.02386
FEATURE,3651.46714959504,525.248296402123,67916704,3,9.52744579315186,0.710628986358643,0,0,3644.81118,3657.60858
FEATURE,3643.85573412197,505.762284994415,67357504,2,9.44757747650146,0.754158020019531,0,0,3638.08488,3653.01066
FEATURE,3616.34281564923,539.822141720971,67297296,2,8.1489429473877,0.809103012084961,0,0,3613.18758,3623.02386
FEATURE,3631.87843705288,461.256261997239,66928100,2,12.3014421463013,0.787768006324768,0,0,3617.71872,3638.53986
FEATURE,3656.47664666669,544.614268606987,66515000,3,9.28486824035645,0.796378016471863,0,0,3649.6497,3657.60858
FEATURE,3617.34097557914,448.235347558471,66433000,3,13.3238763809204,0.717212021350861,0,0,3610.17552,3630.66312
FEATURE,3642.26635362847,581.121155649356,66316500,7,9.66845417022705,0.663695991039276,0,0,3634.70094,3648.74196
FEATURE,3654.67274242298,762.68600595034,65475600,3,6.9330039024353,0.851921021938324,0,0,3648.21162,3657.60858
FEATURE,3652.12853905903,448.907907992527,65470000,3,10.6800775527954,0.766842007637024,0,0,3639.78366,3657.60858
FEATURE,3606.05551054149,792.900964013285,64966500,2,6.44092750549316,0.822211027145386,0,0,3602.41824,3612.05112
FEATURE,3642.607806851,647.651335772284,64940900,3,9.84896945953369,0.746526002883911,0,0,3633.92832,3649.6497
FEATURE,3647.220319861,587.274020114226,64846900,2,15.2316017150879,0.739260971546173,0,0,3639.78366,3653.01066
FEATURE,3643.12591773897,465.46946350854,64132400,4,13.4666881561279,0.726787984371185,0,0,3632.1768,3650.6784
FEATURE,3642.47661568036,424.239785058151,63686000,2,9.87899875640869,0.774700999259949,0,0,3630.30348,3649.6497
FEATURE,3627.05475190384,449.554001591044,63639300,3,10.8481435775757,0.739305019378662,0,0,3618.68622,3636.35622
FEATURE,3635.84788805587,409.563730836917,63444600,3,9.52214527130127,0.814581990242004,0,0,3626.04036,3644.3562
FEATURE,3639.32669101756,638.879526505393,63341700,2,15.1466827392578,0.75969797372818,0,0,3630.66312,3647.75676
FEATURE,3615.5282317273,406.540253194286,63323600,3,19.3755302429199,0.631407022476196,0,0,3606.05844,3627.15078
FEATURE,3615.279912955,595.801825428777,63316800,2,8.71547698974609,0.77208799123764,0,0,3612.05112,3623.59818
FEATURE,3615.92779280326,404.879837454142,63011700,3,8.34152030944824,0.772059977054596,0,0,3607.30302,3622.38726
FEATURE,3618.12951863411,520.595010160556,62430500,3,7.51907920837402,0.815403997898102,0,0,3608.8173,3627.15078
FEATURE,3650.23906661332,607.273500726559,62416700,2,6.86562395095825,0.794309973716736,0,0,3641.90568,3657.60858
FEATURE,3606.45248045942,752.651420589487,62377800,3,11.2538204193115,0.695146977901459,0,0,3602.41824,3615.303
FEATURE,3642.82512829134,782.329611688511,62347700,2,7.7850546836853,0.821655988693237,0,0,3636.88692,3649.6497
FEATURE,3617.44600956148,429.558621577974,62246100,3,9.51897716522217,0.772512018680573,0,0,3607.30302,3628.2534
FEATURE,3615.43700293923,477.236023152213,62205300,2,14.82297706604,0.792732000350952,0,0,3607.30302,3629.54094
FEATURE,3612.26150012496,688.835871411909,62196900,2,10.0872583389282,0.800898015499115,0,0,3605.32032,3623.59818
FEATURE,3639.83250090023,779.861934377034,62125100,2,7.46454572677612,0.80300897359848,0,0,3633.08934,3647.75676
FEATURE,3628.87289378297,661.954473210211,61921500,3,11.9986047744751,0.761780977249146,0,0,3621.35142,3638.08488
FEATURE,3624.42863093613,471.977199898521,61458600,4,10.3914213180542,0.695284008979797,0,0,3613.18758,3633.08934
FEATURE,3610.44829537669,739.654737054913,61455000,3,7.89774799346924,0.789551973342896,0,0,3603.95292,3615.7581
FEATURE,3648.53058610851,461.249673050281,61433700,3,9.14369010925293,0.750108003616333,0,0,3640.63176,3657.60858
FEATURE,3621.05250737245,427.758832340218,61386400,2,9.83885192871094,0.769713997840881,0,0,3612.05112,3628.7157
FEATURE,3629.60925854241,506.568173220598,61373600,3,9.33966827392578,0.806262016296387,0,0,3621.35142,3640.63176
FEATURE,3633.59165578894,418.216147920373,61364700,2,8.24934577941895,0.851318001747131,0,0,3623.59818,3640.63176
FEATURE,3609.96345903395,601.768820432263,60882700,2,8.3253927230835,0.844901025295258,0,0,3603.95292,3615.303
FEATURE,3645.66233947196,511.584231269752,60702200,3,14.0559434890747,0.748878002166748,0,0,3636.35622,3652.55568
FEATURE,3646.11321895765,747.339949289152,60584700,2,7.46605777740479,0.772400975227356,0,0,3638.53986,3649.6497
FEATURE,3612.95116293087,841.418777959861,60547200,2,10.0831136703491,0.747605979442596,0,0,3606.05844,3621.35142
FEATURE,3656.33548644337,459.269353624331,60382800,2,9.3564510345459,0.799777984619141,0,0,3646.84086,3657.60858
FEATURE,3630.35610812503,660.802520482081,60353800,2,9.47788906097412,0.875533998012543,0,0,3623.59818,3634.70094
FEATURE,3643.84192846521,866.413416333688,60264500,2,10.7720422744751,0.754584014415741,0,0,3634.70094,3648.74196
FEATURE,3624.15114556885,845.383688093393,59517800,2,8.76350975036621,0.842383980751038,0,0,3617.71872,3631.3446
FEATURE,3616.84304477722,448.220935324529,59066700,2,23.382043838501,0.754284977912903,0,0,3602.90862,3631.3446
FEATURE,3634.62255241835,453.264583704434,58876100,2,8.86825656890869,0.814881026744843,0,0,3626.04036,3643.41498
FEATURE,3609.28315909005,539.628474521525,58853200,3,11.8607769012451,0.658571004867554,0,0,3602.41824,3616.94376
FEATURE,3624.82597335619,489.791900361879,58743400,2,16.4169158935547,0.768630981445312,0,0,3622.38726,3640.63176
FEATURE,3642.68925226562,752.871356131756,58146500,2,7.81666231155396,0.848693013191223,0,0,3634.70094,3648.21162
FEATURE,3640.30169329114,727.341581278974,57818900,2,8.35706996917725,0.785250008106232,0,0,3633.92832,3647.75676
FEATURE,3627.75168844225,552.273519153167,57078400,4,10.2236785888672,0.767630994319916,0,0,3621.35142,3636.35622
FEATURE,3603.28852989066,449.978320903905,56935900,4,12.0254621505737,0.696195006370544,0,0,3602.41824,3614.24628
FEATURE,3636.79540809093,478.902315591121,56923900,3,10.28480052948,0.776228010654449,0,0,3630.66312,3643.41498
FEATURE,3637.60759651492,452.196612485114,56624800,2,11.0327625274658,0.795643985271454,0,0,3627.15078,3650.6784
FEATURE,3607.28008828454,1026.02539807718,56623700,2,7.20602083206177,0.801290988922119,0,0,3602.41824,3610.17552
FEATURE,3613.51997626978,550.957268730415,55930000,3,9.97406768798828,0.586767017841339,0,0,3608.8173,3622.38726
FEATURE,3608.53836963584,476.250461854208,55728600,2,9.48585891723633,0.757521986961365,0,0,3602.41824,3615.7581
FEATURE,3628.63879382103,633.352212678053,55713300,2,8.69317531585693,0.828010976314545,0,0,3628.2534,3638.53986
FEATURE,3612.05305012191,459.559100989889,55548800,3,8.34152317047119,0.779018998146057,0,0,3602.41824,3622.38726
FEATURE,3623.60698711624,433.907529800403,55543000,3,12.2845678329468,0.787653028964996,0,0,3615.7581,3634.70094
FEATURE,3619.43946440442,598.618288320333,55393600,3,10.4014005661011,0.692507028579712,0,0,3610.17552,3631.3446
FEATURE,3650.39666764935,859.896079158785,55388900,2,10.1567010879517,0.786188006401062,0,0,3642.43614,3657.60858
FEATURE,3616.31888393298,543.759101178165,55229700,2,11.3291063308716,0.751654982566833,0,0,3607.83324,3617.71872
FEATURE,3635.77709795823,755.824856379157,54391700,2,8.62804126739502,0.838267982006073,0,0,3628.7157,3642.43614
FEATURE,3613.42926021268,536.786660095939,53840600,2,11.1562232971191,0.651965022087097,0,0,3602.41824,3623.59818
FEATURE,3626.65096800782,626.291975487694,53789300,2,23.3111190795898,0.630697011947632,0,0,3619.7469,3640.63176
FEATURE,3647.97754052152,456.218909212617,53777500,5,13.6717700958252,0.645910024642944,0,0,3639.78366,3657.60858
FEATURE,3629.89539951528,522.819908781615,53720700,2,9.75601387023926,0.790122985839844,0,0,3622.38726,3636.35622
FEATURE,3613.11711036013,621.277903918982,53647800,2,9.61839199066162,0.739772021770477,0,0,3608.8173,3618.08484
FEATURE,3614.74216856083,569.301532880976,53450000,3,8.42910099029541,0.649805009365082,0,0,3611.23332,3620.5335
FEATURE,3649.13715624051,570.022129936403,53314500,4,17.2728061676025,0.525223016738892,0,0,3638.53986,3653.89998
FEATURE,3608.33158577155,471.472596792893,52861900,4,17.7620811462402,0.593586027622223,0,0,3602.41824,3623.02386
FEATURE,3611.41648558572,448.906283272034,52744100,3,9.93373775482178,0.745504021644592,0,0,3605.32032,3619.1412
FEATURE,3605.96860906585,749.366106611404,51744300,2,6.36155223846436,0.80520099401474,0,0,3602.41824,3612.05112
FEATURE,3653.18552881937,559.806964556891,51500900,2,8.72045803070068,0.784756004810333,0,0,3645.94752,3656.11002
FEATURE,3650.68908992158,599.264220896223,51460900,2,7.5228157043457,0.779375970363617,0,0,3644.81118,3657.60858
FEATURE,3620.23119645893,424.571355306501,51327200,3,8.21178340911865,0.774204015731812,0,0,3610.17552,3628.7157
FEATURE,3623.97861000072,433.907540018934,51193000,3,10.6440591812134,0.784178972244263,0,0,3618.68622,3633.92832
FEATURE,3654.00299077302,602.289890808559,51036700,2,7.51141309738159,0.823082983493805,0,0,3644.81118,3657.60858
FEATURE,3643.96415480875,664.365567147727,50951500,2,6.71129322052002,0.707354009151459,0,0,3639.78366,3647.75676
FEATURE,3653.14981584611,424.230200530328,50903500,2,9.18082141876221,0.774471998214722,0,0,3647.75676,3657.60858
FEATURE,3653.52721043877,680.84851622377,50713500,2,8.20654392242432,0.724469006061554,0,0,3645.94752,3657.60858
FEATURE,3625.58909111881,635.300405634739,50713100,3,8.28496170043945,0.721650004386902,0,0,3617.71872,3633.92832
FEATURE,3627.31462434022,482.734973314746,50689400,2,7.9748067855835,0.807006001472473,0,0,3620.5335,3633.08934
FEATURE,3648.84416095607,768.027901543433,50477400,3,9.63855361938477,0.532549977302551,0,0,3644.3562,3653.01066
FEATURE,3605.93602826368,660.629472393057,50351100,3,8.99780082702637,0.659102976322174,0,0,3602.41824,3612.05112
FEATURE,3653.70969319084,503.778535674432,50177800,2,7.03894996643066,0.625124990940094,0,0,3645.94752,3657.60858
FEATURE,3607.09697771995,444.76163169733,50033400,2,8.84264850616455,0.760038018226624,0,0,3602.41824,3617.71872
FEATURE,3627.03507540251,850.922548063233,49285000,2,10.1225633621216,0.812476992607117,0,0,3620.5335,3636.88692
FEATURE,3624.63510515591,898.711750653721,48672800,6,7.69385099411011,0.710896015167236,0,0,3619.1412,3630.66312
FEATURE,3626.30908091343,745.86686486914,48337200,2,10.2992267608643,0.763597011566162,0,0,3621.35142,3631.3446
FEATURE,3635.14824615004,613.842378646803,47873200,2,8.32076740264893,0.812885999679565,0,0,3627.15078,3644.81118
FEATURE,3639.53508695262,871.399817375624,47826400,2,10.0130634307861,0.732855975627899,0,0,3630.66312,3647.75676
FEATURE,3651.88393158207,456.25015729154,47408700,3,13.2405481338501,0.662293016910553,0,0,3642.43614,3657.60858
FEATURE,3622.31909470791,428.200502575052,47022100,2,7.75929880142212,0.842553019523621,0,0,3615.7581,3628.7157
FEATURE,3647.85824454464,463.578073870402,46829400,3,14.7743282318115,0.609746992588043,0,0,3638.53986,3657.60858
FEATURE,3608.27940952197,665.322075604641,46815100,2,9.66641807556152,0.767340004444122,0,0,3604.8654,3614.24628
FEATURE,3623.26017264325,707.659924200435,46672800,3,7.51858615875244,0.708977997303009,0,0,3619.1412,3628.2534
FEATURE,3647.52659871904,634.258743226447,46378300,2,9.35211181640625,0.738941013813019,0,0,3640.63176,3655.19844
FEATURE,3629.4310437225,639.332972070745,45622700,2,10.0487432479858,0.783574998378754,0,0,3622.38726,3635.5419
FEATURE,3644.57616983803,479.736358062872,45217500,2,12.8096132278442,0.728331029415131,0,0,3630.30348,3648.74196
FEATURE,3626.08352089024,583.807018892838,45106600,2,6.25317525863647,0.84060001373291,0,0,3621.35142,3633.08934
FEATURE,3618.85405301195,400.196564010411,44929600,2,13.5330867767334,0.717208981513977,0,0,3611.23332,3631.3446
FEATURE,3636.58630301449,436.20228279771,44834700,2,8.39692783355713,0.795340001583099,0,0,3628.7157,3645.94752
FEATURE,3649.3923507826,477.003223661292,44545700,4,9.79404544830322,0.64953202009201,0,0,3640.63176,3653.89998
FEATURE,3622.74791407484,712.879159721864,44221100,2,7.5595326423645,0.817462980747223,0,0,3615.303,3628.2534
FEATURE,3641.56516532326,862.400530481508,42585600,2,6.89665746688843,0.660350024700165,0,0,3638.53986,3648.21162
FEATURE,3629.67632807759,432.691886786707,42545600,2,16.576997756958,0.783837974071503,0,0,3616.94376,3634.70094
FEATURE,3634.67092669229,428.714636023722,42545400,2,8.64606285095215,0.834653973579407,0,0,3627.15078,3644.3562
FEATURE,3624.37173960925,628.966820079457,42246900,3,12.5293664932251,0.661378026008606,0,0,3615.303,3630.30348
FEATURE,3633.52777279407,541.266409669033,41838100,3,12.7355451583862,0.601366996765137,0,0,3628.2534,3640.63176
FEATURE,3617.23732471509,683.324277590117,41668000,2,8.88209438323975,0.808830976486206,0,0,3608.8173,3625.51326
FEATURE,3628.42172927697,627.820968781822,41334200,2,11.8260116577148,0.697942018508911,0,0,3623.59818,3638.08488
FEATURE,3652.5131983663,873.89173437203,40511700,2,6.62484121322632,0.784259974956512,0,0,3647.75676,3657.60858
FEATURE,3649.84804827622,486.20047025964,40481700,2,10.8579063415527,0.736229002475739,0,0,3639.78366,3657.60858
FEATURE,3652.5449321648,582.929962020603,40334200,3,6.64577627182007,0.719932019710541,0,0,3645.94752,3657.60858
FEATURE,3634.42028577219,463.925967979751,40202300,3,10.4955968856812,0.755693972110748,0,0,3627.15078,3636.35622
FEATURE,3651.0508084009,746.375182790897,39952300,2,6.82285261154175,0.765788972377777,0,0,3645.34164,3652.55568
FEATURE,3647.91885672378,456.219448801352,39561600,2,13.8192186355591,0.658279001712799,0,0,3636.88692,3657.60858
FEATURE,3621.75523572142,803.894356287353,39514900,2,10.0853977203369,0.742350995540619,0,0,3618.08484,3628.2534
FEATURE,3604.43781063219,580.340857827209,39504600,3,9.23049068450928,0.785815000534058,0,0,3602.41824,3611.23332
FEATURE,3623.8717354575,422.57077739596,39424900,3,14.3852205276489,0.670706987380981,0,0,3617.71872,3636.88692
FEATURE,3607.45242007214,470.72674251182,39395600,2,9.62547779083252,0.74194198846817,0,0,3602.41824,3616.94376
FEATURE,3621.65130556575,476.999103025764,39145200,4,11.733154296875,0.678102016448975,0,0,3612.50622,3632.1768
FEATURE,3611.70035550608,542.589907395382,39123300,3,6.65076112747192,0.742609024047852,0,0,3606.05844,3618.08484
FEATURE,3643.86180073279,442.232282217777,38932400,4,8.35122394561768,0.558026015758514,0,0,3638.08488,3652.55568
FEATURE,3629.11838465443,819.359102211435,38928500,2,12.007532119751,0.63664299249649,0,0,3622.38726,3634.70094
FEATURE,3647.32977167601,702.869926024702,38899500,2,7.39674139022827,0.611392021179199,0,0,3643.41498,3650.6784
FEATURE,3650.54706145509,454.884555110824,38813800,3,10.6959552764893,0.67179000377655,0,0,3646.84086,3657.60858
FEATURE,3616.84204323479,617.809383007458,38493800,2,6.66281270980835,0.745365023612976,0,0,3612.05112,3623.59818
FEATURE,3634.90867011745,875.94712782664,37828300,2,8.50965404510498,0.807744026184082,0,0,3628.2534,3643.41498
FEATURE,3654.01610890941,504.282657902337,37767300,3,7.0302267074585,0.708590984344482,0,0,3646.84086,3657.60858
FEATURE,3604.8930732972,489.215155032297,36903100,3,4.9915132522583,0.803264021873474,0,0,3602.41824,3608.8173
FEATURE,3652.21195646206,406.210837875155,36820400,2,12.5469264984131,0.718120992183685,0,0,3638.08488,3657.60858
FEATURE,3647.33639695045,597.331149126404,36618500,2,10.5791845321655,0.673022985458374,0,0,3641.90568,3656.11002
FEATURE,3625.34661729409,951.946009077005,36332900,2,7.97514200210571,0.707741975784302,0,0,3620.5335,3632.1768
FEATURE,3624.73504018291,959.861432374244,36148300,2,8.64097213745117,0.697556972503662,0,0,3620.5335,3631.3446
FEATURE,3606.73861411899,442.266548900227,36058900,2,10.4174032211304,0.754258990287781,0,0,3602.41824,3615.303
FEATURE,3630.78535695462,483.730457935292,36010000,2,9.66090774536133,0.755653977394104,0,0,3625.51326,3639.78366
FEATURE,3651.32784420899,981.464926646483,35989800,2,8.01045894622803,0.649667024612427,0,0,3645.34164,3655.19844
FEATURE,3612.78140992081,554.992611498012,35910500,4,4.96115684509277,0.580060005187988,0,0,3611.23332,3615.7581
FEATURE,3618.99225468888,736.890143096265,35500900,2,8.72057056427002,0.719078004360199,0,0,3612.50622,3625.51326
FEATURE,3602.83752653809,401.580947807639,35339000,3,6.54914999008179,0.811990022659302,0,0,3602.41824,3608.8173
FEATURE,3639.08558260375,719.816290802053,35325600,2,8.4658670425415,0.768274009227753,0,0,3630.66312,3643.41498
FEATURE,3613.57952272016,414.727908007785,35085700,2,9.38734912872314,0.709510028362274,0,0,3612.50622,3620.5335
FEATURE,3640.34875810349,464.489882298756,34578900,4,9.19370174407959,0.678104996681213,0,0,3633.92832,3643.41498
FEATURE,3613.5133069947,513.900284242675,34182200,3,6.94480657577515,0.610065996646881,0,0,3607.30302,3617.71872
FEATURE,3644.21297086935,913.925380725124,34100100,2,10.7133302688599,0.56870698928833,0,0,3638.08488,3650.6784
FEATURE,3631.11480443979,628.288805677546,33847400,3,11.2151374816895,0.569853007793427,0,0,3625.51326,3634.70094
FEATURE,3651.45133956682,642.299763671199,33538200,3,7.38185977935791,0.693947017192841,0,0,3647.75676,3657.60858
FEATURE,3636.98119799561,567.836430090507,33356500,2,10.2105922698975,0.804230988025665,0,0,3629.54094,3640.63176
FEATURE,3624.71137630744,498.882866901857,32946000,3,8.18984603881836,0.766448020935059,0,0,3617.71872,3631.3446
FEATURE,3606.08658079459,781.818517338185,32506000,2,8.06314849853516,0.808637022972107,0,0,3602.41824,3611.23332
FEATURE,3645.36327541687,426.237260787077,32369400,2,10.5268392562866,0.7258620262146,0,0,3638.08488,3655.19844
FEATURE,3640.36207080696,587.279702053429,32059000,4,7.45747232437134,0.632866978645325,0,0,3635.5419,3644.3562
FEATURE,3617.24363686773,458.262098583419,31983400,2,12.2991409301758,0.579854011535645,0,0,3611.23332,3623.59818
FEATURE,3630.9595391612,485.221864247001,31948700,2,9.21311187744141,0.758929014205933,0,0,3623.59818,3634.70094
FEATURE,3632.80721919246,568.832506424424,31482000,2,8.44506549835205,0.794031977653503,0,0,3629.54094,3638.53986
FEATURE,3628.96812645491,422.542277080724,31449200,3,9.03739833831787,0.736871004104614,0,0,3619.1412,3636.35622
FEATURE,3606.96192136287,561.258400522079,30959700,2,8.59244060516357,0.709270000457764,0,0,3602.41824,3611.23332
FEATURE,3615.66732827765,458.226378413599,30329300,2,10.6111078262329,0.621686995029449,0,0,3612.05112,3622.38726
FEATURE,3628.11293256799,431.269934965592,30097800,2,9.23258304595947,0.793025016784668,0,0,3619.7469,3635.5419
FEATURE,3611.24932158623,460.750980376842,29866500,2,6.96445322036743,0.683951020240784,0,0,3606.05844,3616.94376
FEATURE,3643.76206229091,442.485617934149,29175600,4,7.00671434402466,0.679713010787964,0,0,3638.53986,3648.74196
FEATURE,3612.86362671861,527.261751429932,29062200,3,5.66084241867065,0.726933002471924,0,0,3607.83324,3619.7469
FEATURE,3631.99879721014,413.218692972896,28947500,2,12.9650068283081,0.685002982616425,0,0,3623.59818,3635.5419
FEATURE,3613.56761564513,413.425623636924,28307200,4,7.06845092773438,0.640639007091522,0,0,3607.30302,3619.7469
FEATURE,3607.29936560378,559.748837587373,27972900,2,7.56989002227783,0.732407987117767,0,0,3603.95292,3612.05112
FEATURE,3621.29448668288,667.309268830801,27773300,3,7.64288473129272,0.717583000659943,0,0,3619.7469,3626.04036
FEATURE,3629.91009937144,575.258738254224,27693300,2,7.44837522506714,0.750936985015869,0,0,3624.20508,3633.08934
FEATURE,3624.81041496821,470.887329020053,27637900,3,7.42616748809814,0.735107004642487,0,0,3619.1412,3630.30348
FEATURE,3655.94463196537,422.907668568942,27342100,3,7.765869140625,0.719514012336731,0,0,3648.74196,3657.60858
FEATURE,3631.0753584131,642.30129435996,27192300,3,7.47185230255127,0.736590981483459,0,0,3625.51326,3636.35622
FEATURE,3641.80305026775,555.609243233487,26699600,3,11.2286615371704,0.555320024490356,0,0,3635.5419,3648.21162
FEATURE,3644.82596467419,708.365915851756,26674100,3,7.16641283035278,0.559912979602814,0,0,3643.41498,3648.74196
FEATURE,3639.33730574822,440.78522734213,26608400,2,7.79195213317871,0.801696002483368,0,0,3632.1768,3645.34164
FEATURE,3620.68699846062,855.675712276924,26584300,3,7.65780353546143,0.6926109790802,0,0,3615.303,3626.04036
FEATURE,3634.72028663647,461.229787305735,26152800,2,6.14446544647217,0.658891975879669,0,0,3630.30348,3640.63176
FEATURE,3653.24438963842,864.362634680466,26070900,2,6.34464311599731,0.657292008399963,0,0,3647.75676,3657.60858
FEATURE,3629.92277734303,584.787191999779,25909300,2,7.84705305099487,0.761475026607513,0,0,3622.38726,3638.53986
FEATURE,3623.17232201338,1151.53548722576,25814200,2,6.2370867729187,0.638173997402191,0,0,3619.7469,3626.04036
FEATURE,3614.95508351883,606.265101204292,25553000,3,5.03478956222534,0.743036985397339,0,0,3612.05112,3619.7469
FEATURE,3641.51311265855,575.267265952442,25202600,3,5.56551361083984,0.651090025901794,0,0,3638.08488,3644.81118
FEATURE,3614.40588426502,434.534808548409,24593400,3,8.41914653778076,0.637336015701294,0,0,3607.30302,3621.35142
FEATURE,3618.32090635289,544.244233029621,24549100,4,5.84455966949463,0.749095976352692,0,0,3614.24628,3623.02386
FEATURE,3614.14648948871,636.291236410445,24512900,4,6.67766332626343,0.544941008090973,0,0,3612.05112,3618.68622
FEATURE,3637.4677812084,628.2915889133,24284700,2,6.92620372772217,0.738794028759003,0,0,3633.92832,3640.63176
FEATURE,3655.3731007403,596.341481820228,24096200,2,6.11108779907227,0.774836003780365,0,0,3649.6497,3657.60858
FEATURE,3620.34868029815,531.615012818814,23514200,3,8.45958518981934,0.547619998455048,0,0,3614.24628,3626.04036
FEATURE,3622.47794388748,539.571976388994,23340900,3,6.31178379058838,0.613431990146637,0,0,3616.94376,3627.15078
FEATURE,3624.82801043964,430.555638862643,21810900,3,6.08416557312012,0.734076976776123,0,0,3617.71872,3630.66312
FEATURE,3623.37625024805,457.205013398714,21737700,2,7.49526166915894,0.793796002864838,0,0,3615.7581,3629.54094
FEATURE,3632.95785984111,636.307633430191,21207600,3,6.73396635055542,0.723024010658264,0,0,3631.3446,3636.88692
FEATURE,3610.17208597743,672.855369554539,21120300,2,5.34373569488525,0.767768025398254,0,0,3604.8654,3614.24628
FEATURE,3604.53708578109,733.319479791685,21110600,2,3.72443270683289,0.778842985630035,0,0,3602.41824,3607.30302
FEATURE,3615.43626670585,470.563799872099,20653400,3,8.16752433776855,0.66771799325943,0,0,3608.8173,3622.38726
FEATURE,3605.14669255729,583.290446247857,20612700,3,5.28908681869507,0.708106994628906,0,0,3602.90862,3607.30302
FEATURE,3657.06909424759,513.241526366105,20329200,2,5.91646957397461,0.705994009971619,0,0,3651.75222,3657.60858
FEATURE,3604.69919157842,898.947429842652,19693400,2,4.63037347793579,0.694603979587555,0,0,3602.41824,3607.30302
FEATURE,3603.08757400387,414.235708297274,19337100,3,7.48586988449097,0.701309025287628,0,0,3602.41824,3612.05112
FEATURE,3603.02847622657,463.553613622453,19287000,3,5.80324840545654,0.75304502248764,0,0,3602.41824,3608.8173
FEATURE,3617.7680870594,504.29891903754,18799200,2,5.47958087921143,0.711346983909607,0,0,3614.24628,3623.02386
FEATURE,3629.88690978487,513.221854173813,17996600,3,7.97819137573242,0.645408987998962,0,0,3626.04036,3636.35622
FEATURE,3654.84316748148,406.210998797391,17284600,3,4.99104022979736,0.615209996700287,0,0,3652.55568,3657.60858
FEATURE,3603.91741711745,419.542835383306,16853800,3,5.49312591552734,0.593504011631012,0,0,3602.41824,3610.17552
FEATURE,3618.35525407135,426.199488204067,16563200,2,6.19125699996948,0.70073002576828,0,0,3617.71872,3626.04036
FEATURE,3649.10664198386,442.230087343555,16353800,3,6.00971460342407,0.594923973083496,0,0,3646.84086,3656.11002
FEATURE,3628.14431433343,425.964656401437,16156400,4,8.90891647338867,0.649738013744354,0,0,3620.5335,3636.35622
FEATURE,3614.79130738039,400.45445014428,15312200,4,5.73282098770142,0.633989989757538,0,0,3610.17552,3620.5335
FEATURE,3624.33084758981,402.546985307175,14834700,5,6.57985925674438,0.604240000247955,0,0,3619.7469,3628.7157
FEATURE,3635.94864609204,982.495705667626,14615500,2,4.42112827301025,0.680498003959656,0,0,3630.66312,3638.53986
FEATURE,3636.41947731538,442.236617027383,13133900,4,5.88055229187012,0.550278007984161,0,0,3631.3446,3638.53986
FEATURE,3627.91480357518,410.703229411641,13019000,2,5.04329681396484,0.779875993728638,0,0,3623.02386,3633.08934
FEATURE,3637.44487181518,449.554002730654,13002400,3,4.95504570007324,0.614681005477905,0,0,3635.5419,3643.41498
FEATURE,3644.46019015949,469.701326092444,12871500,4,4.24796390533447,0.662679016590118,0,0,3640.63176,3648.21162
FEATURE,3642.39054668231,537.234472776763,11987700,3,5.31634712219238,0.579448997974396,0,0,3638.53986,3645.94752
FEATURE,3631.41248914087,402.554120609692,11073900,3,5.82608222961426,0.63950502872467,0,0,3628.7157,3635.5419
FEATURE,3609.83876087232,407.556317400124,9355000,3,3.12430286407471,0.804152011871338,0,0,3606.05844,3612.50622
FEATURE,3614.28352226802,407.554457827775,8678440,3,4.86185169219971,0.5052689909935,0,0,3612.05112,3618.08484
FEATURE,3655.68590863295,452.602142987667,8669560,3,2.44452571868896,0.614569008350372,0,0,3653.01066,3657.60858
FEATURE,3648.3402003746,547.24430720119,8268680,2,2.93564629554749,0.798035025596619,0,0,3644.81118,3650.6784
FEATURE,3655.36019822798,403.186808663883,7800880,4,3.41877770423889,0.672312021255493,0,0,3652.55568,3657.60858
FEATURE,3656.95584860036,462.39905043012,6349210,6,1.0712296962738,0.602030992507935,0,0,3656.11002,3657.60858
FEATURE,3618.68870778954,412.224271872489,6270890,3,1.96116292476654,0.55563098192215,0,0,3616.94376,3619.7469
FEATURE,3622.00769013139,402.451092447981,5404820,4,1.0855758190155,0.86668199300766,0,0,3621.35142,3623.02386
FEATURE,3633.10297992446,453.986838157842,2350980,4,1.15975832939148,0.764765024185181,0,0,3632.1768,3633.92832
